name,test,enp4s0f1_rx10_cache_full,enp4s0f1_rx27_csum_complete,cpu_11_std,enp4s0f1_rx1_csum_complete_std,enp4s0f1_tx_vport_unicast_bw_std,enp4s0f1_rx4_bw_std,enp4s0f1_rx5_bytes_std,enp4s0f1_ch13_arm,cpu_13_std,enp4s0f1_rx19_csum_complete,enp4s0f1_rx24_cache_busy,enp4s0f1_rx_cache_busy_std,cpu_18_std,enp4s0f1_rx10_cache_reuse,enp4s0f1_rx11_cache_full_std,enp4s0f1_rx_65_to_127_bytes_phy,enp4s0f1_ch12_events_std,enp4s0f1_rx24_csum_complete,enp4s0f1_rx17_packets,enp4s0f1_ch27_poll_std,enp4s0f1_ch12_poll_std,enp4s0f1_ch13_poll,enp4s0f1_rx14_cache_busy,enp4s0f1_ch17_events,enp4s0f1_rx1_packets,enp4s0f1_rx_prio0_bytes,enp4s0f1_rx17_bw,enp4s0f1_rx_65_to_127_bytes_phy_std,enp4s0f1_ch7_poll,enp4s0f1_rx11_bw_std,enp4s0f1_rx6_packets_std,enp4s0f1_ch_poll_std,enp4s0f1_rx19_bytes,cpu_20_std,enp4s0f1_rx18_csum_complete_std,enp4s0f1_rx13_bw,enp4s0f1_rx10_bw,enp4s0f1_ch16_poll_std,enp4s0f1_ch24_arm,enp4s0f1_tx_bw_phy_std,enp4s0f1_ch6_events,enp4s0f1_rx3_csum_complete_std,enp4s0f1_tx15_packets_std,cpu_27_std,enp4s0f1_rx_512_to_1023_bytes_phy,enp4s0f1_ch27_events_std,enp4s0f1_ch10_poll_std,enp4s0f1_rx_vport_unicast_packets_std,enp4s0f1_rx25_cache_full_std,enp4s0f1_ch5_arm,enp4s0f1_ch2_arm,enp4s0f1_rx12_cache_reuse_std,enp4s0f1_rx4_csum_complete,enp4s0f1_rx10_csum_complete,enp4s0f1_rx0_bytes,enp4s0f1_rx11_csum_complete,enp4s0f1_rx25_cache_busy_std,iperf,enp4s0f1_ch15_poll_std,enp4s0f1_ch16_poll,enp4s0f1_rx12_csum_complete,iperf_std,enp4s0f1_ch22_poll_std,enp4s0f1_ch18_events_std,enp4s0f1_rx20_csum_complete_std,enp4s0f1_rx0_bytes_std,enp4s0f1_rx_prio0_bw,enp4s0f1_rx25_bytes_std,enp4s0f1_rx7_cache_busy_std,enp4s0f1_ch11_arm,enp4s0f1_rx19_packets_std,cpu_10_std,enp4s0f1_ch8_arm,enp4s0f1_rx20_cache_full,enp4s0f1_ch4_arm,enp4s0f1_rx17_bytes_std,cpu_21_std,enp4s0f1_rx8_bw_std,enp4s0f1_rx25_cache_reuse,enp4s0f1_rx12_cache_reuse,enp4s0f1_ch12_arm,enp4s0f1_rx10_bw_std,enp4s0f1_rx27_cache_busy_std,enp4s0f1_rx5_cache_full_std,cpu_6_std,enp4s0f1_tx_tso_bw,enp4s0f1_rx20_cache_reuse,enp4s0f1_tx0_nop_std,enp4s0f1_rx20_cache_waive,enp4s0f1_tx_vport_unicast_bytes,enp4s0f1_ch19_events_std,enp4s0f1_rx27_bytes,enp4s0f1_rx8_bytes_std,enp4s0f1_rx_bw_phy,enp4s0f1_tx_vport_unicast_packets_std,enp4s0f1_rx11_cache_full,enp4s0f1_tx27_packets,enp4s0f1_tx0_tso_packets,enp4s0f1_rx3_csum_complete,enp4s0f1_tx_csum_partial_std,enp4s0f1_tx_bw_phy,cpu_15_std,enp4s0f1_rx1_bw_std,enp4s0f1_rx1_packets_std,enp4s0f1_rx22_csum_complete,enp4s0f1_rx12_bytes_std,enp4s0f1_tx_tso_bw_std,enp4s0f1_rx22_cache_reuse_std,enp4s0f1_tx_vport_unicast_packets,enp4s0f1_rx0_bw_std,enp4s0f1_rx5_bw_std,enp4s0f1_rx_64_bw_phy,enp4s0f1_rx24_cache_full_std,enp4s0f1_rx0_csum_complete_std,enp4s0f1_rx18_cache_waive_std,enp4s0f1_tx15_packets,enp4s0f1_rx17_cache_reuse,enp4s0f1_ch14_arm_std,enp4s0f1_rx5_cache_reuse_std,enp4s0f1_rx8_cache_reuse_std,enp4s0f1_ch19_arm_std,enp4s0f1_rx13_cache_busy_std,enc_cycles,enp4s0f1_rx14_cache_busy_std,enp4s0f1_rx22_packets_std,cpu_18,cpu_19,cpu_14,cpu_15,cpu_16,cpu_17,cpu_10,cpu_11,cpu_12,cpu_13,enp4s0f1_tx27_bw,enp4s0f1_tx15_csum_partial_std,enp4s0f1_ch15_arm,enp4s0f1_tx15_bw,Total_rx_bw,enp4s0f1_rx0_csum_complete,enp4s0f1_tx_xmit_more_std,enp4s0f1_ch22_arm_std,enp4s0f1_rx12_packets_std,enp4s0f1_rx_bytes,enp4s0f1_rx20_csum_complete,enp4s0f1_rx7_cache_busy,enp4s0f1_tx27_bytes,enp4s0f1_ch5_events_std,enp4s0f1_rx22_cache_busy,enp4s0f1_rx25_cache_full,enp4s0f1_rx0_packets_std,enp4s0f1_rx5_csum_complete,enp4s0f1_ch11_poll,enp4s0f1_tx_packets_phy_std,enp4s0f1_ch3_arm_std,enp4s0f1_rx14_cache_full,enp4s0f1_ch17_poll,enp4s0f1_rx5_cache_busy,enp4s0f1_rx_cache_full_std,enp4s0f1_rx13_csum_complete_std,cpu_22_std,enp4s0f1_rx11_csum_complete_std,enp4s0f1_rx17_csum_complete_std,enp4s0f1_ch6_arm_std,enp4s0f1_rx_prio0_bw_std,enp4s0f1_ch27_events,enp4s0f1_ch19_arm,enp4s0f1_ch1_arm,enp4s0f1_rx24_cache_waive_std,enp4s0f1_rx11_packets_std,perf_cache-misses_std,enp4s0f1_rx12_packets,enp4s0f1_rx1_bytes,enp4s0f1_rx10_cache_busy_std,enp4s0f1_rx7_cache_reuse,enp4s0f1_rx24_bw_std,enp4s0f1_rx2_csum_complete_std,enp4s0f1_rx3_cache_reuse_std,enp4s0f1_rx12_cache_busy_std,enp4s0f1_ch20_events_std,enp4s0f1_rx16_cache_busy_std,enp4s0f1_rx_1024_to_1518_bw_phy,enp4s0f1_tx0_bw_std,enp4s0f1_rx7_csum_complete,enp4s0f1_ch4_events,enp4s0f1_ch0_events_std,enp4s0f1_rx15_bytes_std,enp4s0f1_rx8_cache_reuse,enp4s0f1_rx22_cache_busy_std,enp4s0f1_rx20_cache_reuse_std,enp4s0f1_ch25_poll_std,enp4s0f1_rx4_packets_std,enp4s0f1_rx7_bw,enp4s0f1_ch4_events_std,enp4s0f1_tx_csum_partial,enp4s0f1_rx16_bw_std,enp4s0f1_rx27_packets_std,enp4s0f1_ch11_events_std,enp4s0f1_rx12_cache_busy,enp4s0f1_rx7_bytes,enp4s0f1_rx0_cache_reuse_std,enp4s0f1_ch0_events,enp4s0f1_ch_arm_std,enp4s0f1_ch0_poll,enp4s0f1_rx_128_to_255_bytes_phy,enp4s0f1_rx_packets,enp4s0f1_rx17_cache_waive_std,enp4s0f1_rx6_bw,enp4s0f1_ch19_poll,enp4s0f1_rx13_cache_full,enp4s0f1_rx24_cache_waive,enp4s0f1_rx_512_to_1023_bw_phy,enp4s0f1_rx19_cache_busy_std,enp4s0f1_ch1_events,enp4s0f1_ch18_poll,enp4s0f1_tx_tso_packets,enp4s0f1_rx16_cache_waive_std,enp4s0f1_rx22_packets,enp4s0f1_rx10_cache_busy,enp4s0f1_rx_vport_unicast_packets,enp4s0f1_ch10_arm_std,enp4s0f1_tx0_csum_partial_std,enp4s0f1_rx3_packets,enp4s0f1_tx_csum_none,enp4s0f1_ch3_poll_std,enp4s0f1_tx0_xmit_more,enp4s0f1_rx8_cache_busy_std,enp4s0f1_rx15_packets,enp4s0f1_rx22_bw_std,enp4s0f1_rx14_packets_std,enp4s0f1_tx_packets_phy,enp4s0f1_ch10_events_std,enp4s0f1_rx12_cache_full_std,enp4s0f1_rx19_cache_busy,enp4s0f1_rx_packets_phy_std,enp4s0f1_rx6_cache_reuse,enp4s0f1_ch1_arm_std,enp4s0f1_tx27_csum_partial,enp4s0f1_rx25_bw_std,enp4s0f1_ch4_arm_std,enp4s0f1_tx27_cqes_std,enp4s0f1_tx_cqes,enp4s0f1_rx24_bytes_std,enp4s0f1_rx17_cache_full,enp4s0f1_rx18_cache_busy_std,enp4s0f1_rx15_bw,enp4s0f1_ch1_poll_std,enp4s0f1_rx0_cache_busy_std,enp4s0f1_ch7_arm_std,enp4s0f1_ch14_arm,enp4s0f1_rx22_cache_waive_std,enp4s0f1_rx3_packets_std,enp4s0f1_rx22_bw,enp4s0f1_rx1_bw,enp4s0f1_rx1_csum_complete,perf_cache-misses,enp4s0f1_rx12_bw_std,enp4s0f1_ch8_poll,enp4s0f1_rx25_cache_waive_std,enp4s0f1_rx_prio0_bytes_std,enp4s0f1_rx6_csum_complete,enp4s0f1_rx0_bw,enp4s0f1_rx_65_to_127_bw_phy_std,enp4s0f1_rx22_cache_full,enp4s0f1_ch10_poll,enp4s0f1_tx0_tso_bytes_std,enp4s0f1_rx15_csum_complete_std,enp4s0f1_rx7_packets,enp4s0f1_ch6_poll,enp4s0f1_ch20_poll,enp4s0f1_rx25_csum_complete,enp4s0f1_rx8_csum_complete,enp4s0f1_tx15_bw_std,enp4s0f1_rx24_csum_complete_std,enp4s0f1_rx10_csum_complete_std,enp4s0f1_rx25_cache_reuse_std,enp4s0f1_rx5_bw,enp4s0f1_rx6_csum_complete_std,enp4s0f1_tx_tso_bytes_std,enp4s0f1_rx19_cache_full_std,cpu_14_std,enp4s0f1_rx13_bw_std,enp4s0f1_rx24_cache_reuse,enp4s0f1_rx3_bytes,enp4s0f1_rx19_cache_reuse_std,enp4s0f1_tx_vport_unicast_bw,enp4s0f1_ch20_arm,enp4s0f1_ch12_poll,enp4s0f1_rx4_csum_complete_std,enp4s0f1_rx18_bytes,enp4s0f1_rx4_bw,Total_tx_packets,enp4s0f1_rx18_cache_reuse,enp4s0f1_rx15_bytes,enp4s0f1_rx3_cache_reuse,cpu_total_std,enp4s0f1_rx2_csum_complete,enp4s0f1_rx_256_to_511_bytes_phy_std,enp4s0f1_ch19_events,enp4s0f1_rx_cache_reuse,enp4s0f1_rx2_cache_reuse_std,enp4s0f1_tx_cqes_std,enp4s0f1_ch17_poll_std,enp4s0f1_rx15_bw_std,enp4s0f1_tx0_tso_bw,enp4s0f1_ch10_events,enp4s0f1_tx27_bw_std,enp4s0f1_rx10_packets_std,enp4s0f1_rx1_cache_full_std,enp4s0f1_ch8_events,enp4s0f1_rx_prio0_packets_std,enp4s0f1_rx11_cache_busy_std,enp4s0f1_rx_vport_unicast_bw_std,enp4s0f1_ch5_arm_std,enp4s0f1_rx_bytes_phy_std,enp4s0f1_rx18_cache_busy,enp4s0f1_rx27_packets,enp4s0f1_ch11_events,enp4s0f1_ch14_poll,enp4s0f1_rx25_bw,enp4s0f1_ch11_arm_std,enp4s0f1_rx4_bytes_std,enp4s0f1_ch27_arm_std,enp4s0f1_ch6_poll_std,enp4s0f1_rx20_packets_std,enp4s0f1_rx2_packets_std,cpu_3,cpu_16_std,enp4s0f1_tx_packets_std,enp4s0f1_rx16_cache_busy,enp4s0f1_ch18_poll_std,enp4s0f1_rx27_cache_busy,enp4s0f1_tx0_tso_bytes,enp4s0f1_rx14_csum_complete_std,enp4s0f1_rx5_packets,enp4s0f1_rx16_cache_reuse,enp4s0f1_ch18_events,enp4s0f1_rx3_cache_busy_std,enp4s0f1_rx_512_to_1023_bw_phy_std,cpu_7_std,enp4s0f1_rx18_packets,enp4s0f1_rx20_cache_full_std,enp4s0f1_rx17_csum_complete,enp4s0f1_ch12_arm_std,enp4s0f1_rx18_cache_reuse_std,enp4s0f1_rx8_bytes,Total_rx_packets,enp4s0f1_rx6_cache_busy,enp4s0f1_ch19_poll_std,enp4s0f1_rx20_bw_std,cpu_26_std,enp4s0f1_rx_csum_none_std,enp4s0f1_rx17_cache_busy,enp4s0f1_ch14_events_std,enp4s0f1_rx15_packets_std,enp4s0f1_rx19_cache_waive_std,cpu_28_std,enp4s0f1_rx_1024_to_1518_bytes_phy_std,enp4s0f1_rx3_cache_busy,enp4s0f1_rx4_cache_reuse_std,enp4s0f1_ch25_arm,enp4s0f1_rx24_cache_reuse_std,enp4s0f1_rx_packets_std,enp4s0f1_rx19_cache_reuse,enp4s0f1_rx19_bytes_std,enp4s0f1_tx_bw_std,enp4s0f1_rx2_bw_std,enp4s0f1_ch20_poll_std,enp4s0f1_rx_64_bw_phy_std,enp4s0f1_rx22_cache_full_std,enp4s0f1_ch3_poll,enp4s0f1_rx0_csum_none_std,enp4s0f1_rx4_cache_reuse,enp4s0f1_rx_vport_unicast_bytes_std,enp4s0f1_rx1_cache_busy,perf_cycles,enp4s0f1_tx_prio0_packets,enc_cycles_std,enp4s0f1_tx0_cqes,enp4s0f1_rx1_bytes_std,enp4s0f1_ch_arm,enp4s0f1_rx2_cache_full,enp4s0f1_ch5_events,cpu_5_std,enp4s0f1_rx3_bw_std,enp4s0f1_rx_bytes_std,enp4s0f1_rx14_cache_reuse,enp4s0f1_ch22_arm,cpu_24_std,enp4s0f1_ch15_arm_std,enp4s0f1_rx27_bw,enp4s0f1_tx_packets,enp4s0f1_rx2_packets,enp4s0f1_rx18_bytes_std,enp4s0f1_rx5_cache_full,cpu_4_std,enp4s0f1_ch10_arm,enp4s0f1_rx_1024_to_1518_bytes_phy,enp4s0f1_ch18_arm,enp4s0f1_ch11_poll_std,enp4s0f1_rx24_bytes,enp4s0f1_rx13_packets,enp4s0f1_ch3_events,enp4s0f1_rx6_bytes,enp4s0f1_rx19_cache_full,enp4s0f1_rx_128_to_255_bw_phy_std,enp4s0f1_rx_bw_phy_std,enp4s0f1_ch2_poll_std,enp4s0f1_rx11_cache_reuse_std,enp4s0f1_rx14_bw,enp4s0f1_ch0_arm,enp4s0f1_rx_cache_waive,enp4s0f1_rx20_cache_busy_std,cpu_8,cpu_9,cpu_2,enp4s0f1_rx17_packets_std,cpu_1,cpu_6,cpu_7,cpu_4,cpu_5,enp4s0f1_rx1_cache_reuse,enp4s0f1_ch6_arm,enp4s0f1_rx25_cache_waive,cpu_3_std,enp4s0f1_ch2_events,enp4s0f1_ch17_events_std,enp4s0f1_rx18_cache_waive,enp4s0f1_tx_prio0_packets_std,enp4s0f1_ch25_poll,enp4s0f1_ch1_poll,enp4s0f1_rx0_csum_none,enp4s0f1_rx1_cache_busy_std,enp4s0f1_rx20_bw,enp4s0f1_tx_bytes_phy_std,enp4s0f1_rx22_bytes_std,enp4s0f1_tx_prio0_bytes_std,enp4s0f1_tx15_bytes_std,enp4s0f1_rx12_bytes,enp4s0f1_tx0_bw,enp4s0f1_rx24_bw,enp4s0f1_rx14_cache_waive_std,cpu_19_std,enp4s0f1_rx14_packets,enp4s0f1_rx_bw_std,enp4s0f1_rx19_bw,enp4s0f1_rx_256_to_511_bw_phy_std,enp4s0f1_ch16_arm_std,enp4s0f1_ch17_arm,enp4s0f1_rx8_csum_complete_std,enp4s0f1_rx_packets_phy,dec_cycles_std,enp4s0f1_rx27_cache_full,enp4s0f1_rx_cache_full,enp4s0f1_ch25_events,enp4s0f1_rx_vport_unicast_bytes,enp4s0f1_rx12_cache_full,enp4s0f1_rx_cache_waive_std,enp4s0f1_rx_bw,enp4s0f1_ch24_events,enp4s0f1_rx16_bytes,dec_cycles,enp4s0f1_rx25_csum_complete_std,enp4s0f1_rx10_packets,enp4s0f1_tx_csum_none_std,enp4s0f1_rx20_cache_waive_std,enp4s0f1_rx14_cache_reuse_std,enp4s0f1_rx12_csum_complete_std,enp4s0f1_rx19_bw_std,enp4s0f1_rx13_cache_reuse_std,cpu_1_std,enp4s0f1_rx5_cache_reuse,enp4s0f1_rx27_bytes_std,enp4s0f1_rx20_bytes,enp4s0f1_tx_bytes_std,enp4s0f1_rx2_bytes_std,enp4s0f1_tx0_tso_bw_std,enp4s0f1_rx27_cache_reuse_std,enp4s0f1_rx6_bytes_std,enp4s0f1_tx0_packets,enp4s0f1_rx20_packets,enp4s0f1_rx22_csum_complete_std,enp4s0f1_rx15_cache_full,enp4s0f1_rx_csum_complete_std,perf_task-clock_std,enp4s0f1_ch_events_std,enp4s0f1_rx11_bytes_std,enp4s0f1_rx8_cache_full,enp4s0f1_rx_vport_unicast_bw,enp4s0f1_rx6_bw_std,enp4s0f1_rx15_csum_complete,enp4s0f1_tx15_bytes,enp4s0f1_ch_poll,enp4s0f1_rx7_cache_full,enp4s0f1_rx11_packets,enp4s0f1_rx27_cache_reuse,enp4s0f1_rx13_cache_reuse,cpu_total,enp4s0f1_rx_65_to_127_bw_phy,enp4s0f1_rx17_cache_full_std,Total_tx_bw,enp4s0f1_rx1_cache_full,enp4s0f1_ch16_arm,enp4s0f1_rx11_bytes,enp4s0f1_tx0_csum_partial,enp4s0f1_rx13_bytes_std,enp4s0f1_rx0_cache_reuse,enp4s0f1_rx15_cache_reuse_std,enp4s0f1_rx24_cache_full,enp4s0f1_rx22_cache_waive,enp4s0f1_ch6_events_std,enp4s0f1_rx4_bytes,perf_task-clock,enp4s0f1_tx0_tso_packets_std,enp4s0f1_rx25_bytes,enp4s0f1_ch24_poll,enp4s0f1_rx14_cache_waive,enp4s0f1_rx_128_to_255_bytes_phy_std,enp4s0f1_ch16_events,enp4s0f1_ch5_poll_std,enp4s0f1_rx19_csum_complete_std,enp4s0f1_ch24_arm_std,enp4s0f1_tx0_cqes_std,cpu_12_std,cpu_total2,cpu_17_std,enp4s0f1_tx_prio0_bw_std,enp4s0f1_rx8_packets_std,enp4s0f1_rx8_cache_busy,enp4s0f1_tx_tso_packets_std,enp4s0f1_rx7_bytes_std,enp4s0f1_rx25_packets,enp4s0f1_rx0_cache_full_std,enp4s0f1_rx16_csum_complete,enp4s0f1_rx14_bytes_std,enp4s0f1_ch7_events_std,enp4s0f1_rx_256_to_511_bw_phy,enp4s0f1_rx2_cache_reuse,enp4s0f1_rx8_packets,enp4s0f1_rx2_cache_full_std,enp4s0f1_rx17_cache_busy_std,enp4s0f1_rx15_cache_full_std,enp4s0f1_rx18_packets_std,enp4s0f1_ch2_arm_std,enp4s0f1_rx4_packets,enp4s0f1_ch1_events_std,cpu_2_std,enp4s0f1_rx3_cache_full,enp4s0f1_rx0_cache_busy,enp4s0f1_tx_bytes_phy,enp4s0f1_ch16_events_std,enp4s0f1_ch15_events,enp4s0f1_rx7_csum_complete_std,enp4s0f1_rx_bytes_phy,enp4s0f1_rx_csum_complete,enp4s0f1_rx10_cache_reuse_std,enp4s0f1_rx14_bytes,enp4s0f1_ch7_arm,enp4s0f1_rx_512_to_1023_bytes_phy_std,enp4s0f1_rx18_bw_std,enp4s0f1_ch17_arm_std,enp4s0f1_ch0_poll_std,enp4s0f1_rx13_packets_std,enp4s0f1_rx16_cache_waive,enp4s0f1_tx_vport_unicast_bytes_std,enp4s0f1_ch5_poll,enp4s0f1_tx27_bytes_std,enp4s0f1_rx19_cache_waive,enp4s0f1_rx8_cache_full_std,enp4s0f1_ch8_poll_std,enp4s0f1_tx0_bytes,enp4s0f1_rx14_csum_complete,enp4s0f1_rx3_bw,enp4s0f1_ch14_events,enp4s0f1_rx_cache_busy,enp4s0f1_rx6_cache_full_std,enp4s0f1_rx27_cache_full_std,enp4s0f1_ch24_poll_std,enp4s0f1_rx7_cache_reuse_std,enp4s0f1_rx2_cache_busy,enp4s0f1_rx25_packets_std,enp4s0f1_ch4_poll_std,enp4s0f1_ch8_arm_std,enp4s0f1_rx1_cache_reuse_std,enp4s0f1_tx_bw,enp4s0f1_rx2_bw,enp4s0f1_tx_xmit_more,enp4s0f1_ch25_arm_std,enp4s0f1_rx20_cache_busy,enp4s0f1_rx0_packets,enp4s0f1_rx6_cache_busy_std,enp4s0f1_ch7_poll_std,enp4s0f1_rx16_csum_complete_std,enp4s0f1_rx2_bytes,enp4s0f1_tx_bytes,enp4s0f1_tx0_csum_none_std,enp4s0f1_rx13_bytes,enp4s0f1_ch13_events,enp4s0f1_rx6_cache_reuse_std,enp4s0f1_rx22_bytes,cpu_25_std,enp4s0f1_rx13_cache_full_std,enp4s0f1_rx6_cache_full,perf_instructions_std,enp4s0f1_rx5_csum_complete_std,enp4s0f1_rx18_csum_complete,enp4s0f1_rx24_cache_busy_std,enp4s0f1_rx7_bw_std,enp4s0f1_rx8_bw,enp4s0f1_rx17_bw_std,enp4s0f1_rx6_packets,enp4s0f1_rx24_packets_std,enp4s0f1_rx16_cache_reuse_std,enp4s0f1_ch27_poll,Total_tx_bytes,enp4s0f1_rx19_packets,enp4s0f1_rx_prio0_packets,enp4s0f1_rx15_cache_reuse,enp4s0f1_rx27_bw_std,enp4s0f1_ch25_events_std,enp4s0f1_ch13_arm_std,enp4s0f1_ch22_poll,enp4s0f1_tx15_cqes,enp4s0f1_rx5_cache_busy_std,enp4s0f1_tx_prio0_bytes,enp4s0f1_rx5_bytes,cpu_21,cpu_20,cpu_23,cpu_22,cpu_25,cpu_24,cpu_27,cpu_26,cpu_28,enp4s0f1_rx16_bw,enp4s0f1_tx0_bytes_std,enp4s0f1_rx20_bytes_std,enp4s0f1_rx13_csum_complete,enp4s0f1_tx0_csum_none,enp4s0f1_ch3_arm,enp4s0f1_ch13_events_std,enp4s0f1_rx12_bw,enp4s0f1_rx10_cache_full_std,enp4s0f1_rx_64_bytes_phy,enp4s0f1_tx0_packets_std,enp4s0f1_ch3_events_std,enp4s0f1_rx11_cache_reuse,enp4s0f1_rx2_cache_busy_std,enp4s0f1_rx25_cache_busy,cpu_total2_std,enp4s0f1_ch22_events_std,enp4s0f1_rx11_bw,enp4s0f1_rx14_bw_std,enp4s0f1_rx16_packets,enp4s0f1_ch_events,enp4s0f1_tx_tso_bytes,enp4s0f1_rx15_cache_busy_std,enp4s0f1_rx3_bytes_std,enp4s0f1_ch18_arm_std,enp4s0f1_rx24_packets,enp4s0f1_rx_1024_to_1518_bw_phy_std,cpu_8_std,enp4s0f1_rx3_cache_full_std,enp4s0f1_rx15_cache_busy,enp4s0f1_ch0_arm_std,enp4s0f1_rx5_packets_std,enp4s0f1_rx17_bytes,cpu_23_std,enp4s0f1_ch7_events,enp4s0f1_rx18_bw,enp4s0f1_rx16_bytes_std,enp4s0f1_rx_csum_none,enp4s0f1_rx0_cache_full,enp4s0f1_ch27_arm,enp4s0f1_rx10_bytes_std,enp4s0f1_ch22_events,enp4s0f1_rx14_cache_full_std,enp4s0f1_rx_256_to_511_bytes_phy,enp4s0f1_rx7_cache_full_std,enp4s0f1_ch15_poll,enp4s0f1_rx11_cache_busy,enp4s0f1_ch8_events_std,enp4s0f1_rx7_packets_std,enp4s0f1_tx_prio0_bw,enp4s0f1_rx27_csum_complete_std,enp4s0f1_tx0_nop,enp4s0f1_rx17_cache_reuse_std,enp4s0f1_rx_128_to_255_bw_phy,enp4s0f1_rx_64_bytes_phy_std,enp4s0f1_rx16_packets_std,enp4s0f1_ch15_events_std,Total_rx_bytes,enp4s0f1_tx15_cqes_std,enp4s0f1_rx22_cache_reuse,enp4s0f1_rx13_cache_busy,perf_cycles_std,enp4s0f1_ch12_events,enp4s0f1_tx27_csum_partial_std,enp4s0f1_rx17_cache_waive,enp4s0f1_ch14_poll_std,enp4s0f1_ch13_poll_std,enp4s0f1_ch2_events_std,enp4s0f1_rx_cache_reuse_std,enp4s0f1_tx27_cqes,cpu_9_std,enp4s0f1_tx27_packets_std,enp4s0f1_tx_nop_std,enp4s0f1_rx10_bytes,enp4s0f1_tx0_xmit_more_std,perf_instructions,enp4s0f1_tx_nop,enp4s0f1_ch24_events_std,enp4s0f1_ch20_events,enp4s0f1_ch20_arm_std,enp4s0f1_ch4_poll,enp4s0f1_tx15_csum_partial,enp4s0f1_ch2_poll,
iperf,iperf_tx-8192-0-0-0,0,0,0,0,0,0,0,0,0,0,0,0,0,0,0,0,0,0,0,0,0,0,0,0,0,0,0,0,0,0,0,0,0,0,0,0,0,0,0,0,0,0,0,0,0,0,0,0,0,0,0,0,0,0,0,0,0,6.655,0,0,0,0.0390512483795,0,0,0,0,0,0,0,0,0,0,0,0,0,0,0,0,0,0,0,0,0,0,0,0,0,0,0,0,0,0,0,0,0,0,0,0,0,0,0,0,0,0,0,0,0,0,0,0,0,0,0,0,0,0,0,0,0,0,0,0,0,0,0,0,0,0,0,0,0,0,0,0,0,0,0,0,0,0,0,0,0,0,0,0,0,0,0,0,0,0,0,0,0,0,0,0,0,0,0,0,0,0,0,0,0,0,0,0,0,10535.6996319,0,0,0,0,0,0,0,0,0,0,0,0,0,0,0,0,0,0,0,0,0,0,0,0,0,0,0,0,0,0,0,0,0,0,0,0,0,0,0,0,0,0,0,0,0,0,0,0,0,0,0,0,0,0,0,0,0,0,0,0,0,0,0,0,0,0,0,0,0,0,0,0,0,0,0,0,0,0,0,0,0,0,0,0,438880.625,0,0,0,0,0,0,0,0,0,0,0,0,0,0,0,0,0,0,0,0,0,0,0,0,0,0,0,0,0,0,0,0,0,0,0,0,0,0,0,0,0,0,0,0,0,0,0,0,0,0,0,0,0,0,0,0,0,0,0,0,0,0,0,0,0,0,0,0,0,0,0,0,0,0,0,0,0,0,0,0,0,0,0,0,0,0,0,0,0,0,0,0,0,0,0,0,0,0,0,0,0,0,0,0,0,0,0,0,0,0,0,0,0,0,0,0,0,0,0,80686095966.8,0,0,0,0,0,0,0,0,0,0,0,0,0,0,0,0,0,0,0,0,0,0,0,0,0,0,0,0,0,0,0,0,0,0,0,0,0,0,0,0,0,0,0,0,0,0,0,0,0,0,0,0,0,0,0,0,0,0,0,0,0,0,0,0,0,0,0,0,0,0,0,0,0,0,0,0,0,0,0,0,0,0,0,0,0,0,0,0,0,0,0,0,0,0,0,0,0,0,0,0,0,0,0,0,0,0,0,0,0,21.6211834782,0,0,0,0,0,0,0,0,0,0,0,0,0,0,0,0,0,0,0,0,0,0,0,0,0,0,0,40343.1,0,0,0,0,0,0,0,0,0,0,0,0,0,0,0,0,0,0,0,0,0,0,0,0,0,0,0,0,0,0,0,0,0,0,0,0,0,0,0,0,0,0,0,0,0,0,0,0,0,0,0,0,0,0,0,0,0,0,0,0,0,0,0,0,0,0,0,0,0,0,0,0,0,0,0,0,0,0,0,0,0,0,0,0,0,0,0,0,0,0,235507851.086,0,0,0,0,0,0,0,0,0,0,0,0,0,0,0,0,0,0,0,0,0,0,0,0,0,0,0,0,0,0,0,0,0,0,0,0,0,0,0,0,0,0,0,0,0,0,0,0,0,0,0,0,0,0,0,0,0,0,0,0,0,0,0,0,0,0,0,0,0,0,0,0,0,0,0,0,0,0,0,0,0,0,0,0,0,0,0,0,0,0,0,0,43246547.2044,0,0,0,0,0,0,0,0,0,0,0,0,0,142781764521.0,0,0,0,0,0,0,0,
iperf,iperf_tx-16384-1-0-0,0,632602.00,0.00,0,0.00,0,0.00,0,0.00,0,0,5936.29,0.00,0,0.00,1168.75,0.00,0,629342.00,6522.00,0.00,0,248273.00,5924.00,0,947290958.25,7.00,60.95,13101.00,0.00,0,141.83,0,0.00,0,0,0,0,0,0.00,0,0,0,0.00,660.88,2989.50,0,2200.88,0,4292.00,4234.50,0.00,0,0,235680263.00,626262.00,0,7.2125,0,0,625995.00,0.028173569174,0,0,0,408210184.66,7.00,0,0.00,4146.00,0,0.00,0,0,0,0.00,0.00,0,0,62912.00,4140.00,0,0.00,0.00,0.00,0,0,0,0,248772.75,0,955274834.00,0,7.00,12.60,250221.00,0.00,0,0,12.49,0.00,0.00,0,0,0,0.00,0,0,3768.88,3.03,0.00,0.00,0,0.00,0,0,69818.00,0.00,0.00,0,0,0,0.0,0.00,0,0.00,0.00,0.00,0.00,0.00,0.00,0.00,0.00,0.00,0.00,0.00,0,0,0,7.0,624264.00,0,0,0.00,944793051.12,0,250422.00,3.00,0.00,0,0,270314.24,621713.00,13090.00,12.49,0,248273.00,12973.00,261683.00,5936.12,0,0.00,0.00,0.00,0,0.00,2989.50,0,0,0,0.00,35329.6134134,625995.00,0,0,62979.00,0,1695.50,0,0.00,0,0,0.00,0.00,626805.00,0,12.60,0,0,0,0,0,0,7.00,0,3768.75,0,0.00,0.00,250086.00,946500558.00,0.00,3768.88,103.38,3768.75,16.67,625661.50,0,0,0,0,0,0.00,0,0,0,0,0,0,0,625661.38,0,12.90,0,0.00,0,0,0,0,0,0.00,3768.75,0,0.00,0,2200.37,0,0,0.00,0,0,0.00,3768.75,0,244852.00,0,0,0,0.00,0.00,4118.00,0,0,0,0,0,414564.25,0.00,0,0,3307579.27,0,1.75,0.00,0,0,0,0,626805.00,0,0,0,0,0,0,0,0,7.00,0,0,0,0.00,0,0,0,0,0.00,0,13089.00,0,0,0,3768.75,0,0,0,0.00,625449.50,23.21,0,60331.00,6876.00,12.49,0.00,0,0,0,0.00,0,0,0,2200.83,0.00,0.00,0.00,3307329.54,0,632602.00,5937.00,12994.00,0,0.00,0,2091.00,0,0,1695.50,0.00,0.00,12.49,0,0,210890.00,0,0.00,621713.00,0,0,0,0.00,0.00,0,0,629342.00,0.00,0,0,625661.5,0,0,0,0.00,0.00,244849.00,0.00,0,0,0.00,2192.77,0,0,0,0,2199.68,0,0,0.00,0.00,0,0.00,0,0,0.00,0,3307757.22,0,80685386214.5,3768.88,0.0,3768.75,0,7899.12,256582.00,6117.00,0.00,0,3297042.53,62433.00,0,0.00,0,7.00,3768.75,625449.50,0,261683.00,0.00,0,623644.50,0,0.00,0,0,0,0,0,0.00,0.00,124.00,0.00,7.00,3768.75,0,0,0.00,0.00,0.00,0.00,100.00,0.00,0.00,0.00,0.00,0,0,0,0.00,6043.00,0.00,0,12.60,0,0,0.00,0,0,883.60,0,879.65,0,945278332.00,0.00,0,0,0.00,621413.00,0.00,0,0.00,0,4157.00,0,625659.88,2849662.11021,210890.00,252338.62,0,947295849.75,250085.00,0,7.00,0,0,1207356819.03,0,0,0.00,0,0.00,0.00,0,0,0.00,49171.00,0.00,0,834.16,2531455.00,0,0.00,0,3768.88,0,0,0,2199.68,14.9427898583,90.30,0.00,0,7.00,0,0,0,16817.00,250422.00,626262.00,105410.00,0,3.55,0.00,0.00,0.0,0,0,945680606.00,3768.75,0,49313.00,0,0,0,0,0,40342.7475,0,0,0,0,1.70,0,0.00,0,0,12.49,0.00,100.00,0.00,0.00,0,0,0,0.00,0,0.00,0,0.00,0.00,0.00,56140.00,0,6028.00,0.00,0,0,87.50,0,0,0.00,0,262820.00,263848.62,0,0,0.00,947293244.38,625661.50,0,938356786.00,4150.00,90.72,0,0.00,12.49,0,0,834.50,13276.00,0.00,0,0,0,248772.25,621413.00,0,5894.00,252337.75,0,0.00,0,0.00,256582.00,0,0,0,0,0.00,7.00,0,0,0,156066.00,0,0.00,0,944483308.00,248771.00,0.00,0,0,0,0,0.00,0,0,243585752.591,0.00,0,0,0.00,0,0.00,0,0,0,6522.00,248771.0,0,625658.38,0,0.00,0,0,0,0,0.00,263850.62,938861795.00,0.00,0.00,0.00,0.00,0.00,0.00,0.00,0.00,0.00,0,835.35,0,0,0.00,0,0,7.00,0,0.00,12.60,0,62911.00,6031.00,0,0.00,0,7.00,0.00,0,9749.00,0,0,0,0,0,0.00,0.00,0,0,12.49,0.00,950319606.00,0.00,5943.00,0,0,0.00,262820.00,2091.00,0,0,0.00,174.50,0.00,0,250221.00,0,0.00,0.00,0.00,0,0.00,0.00,0.00,0,0,944793051.12,0,0,0,29884734.8733,5935.00,0.00,0,0.00,0,101.00,6762.45,0.00,0.00,0.00,0,0,0,144088197098.0,0,0,0,0,0,0,13233.00,
iperf,iperf_tx-4096-0-1-0,0,0,0,0,0,0,0,0,0,0,0,0,0,0,0,0,0,0,0,0,0,0,0,0,0,0,0,0,0,0,0,0,0,0,0,0,0,0,0,0,0,0,0,0,0,0,0,0,0,0,0,0,0,0,0,0,0,8.21875,0,0,0,0.166616138174,0,0,0,0,0,0,0,0,0,0,0,0,0,0,0,0,0,0,0,0,0,0,0,0,0,0,0,0,0,0,0,0,0,0,0,0,0,0,0,0,0,0,0,0,0,0,0,0,0,0,0,0,0,0,0,0,0,0,0,0,0,0,0,0,0,0,0,0,0,0,0,0,0,0,0,0,0,0,0,0,0,0,0,0,0,0,0,0,0,0,0,0,0,0,0,0,0,0,0,0,0,0,0,0,0,0,0,0,0,13696.0134888,0,0,0,0,0,0,0,0,0,0,0,0,0,0,0,0,0,0,0,0,0,0,0,0,0,0,0,0,0,0,0,0,0,0,0,0,0,0,0,0,0,0,0,0,0,0,0,0,0,0,0,0,0,0,0,0,0,0,0,0,0,0,0,0,0,0,0,0,0,0,0,0,0,0,0,0,0,0,0,0,0,0,0,0,442310.625,0,0,0,0,0,0,0,0,0,0,0,0,0,0,0,0,0,0,0,0,0,0,0,0,0,0,0,0,0,0,0,0,0,0,0,0,0,0,0,0,0,0,0,0,0,0,0,0,0,0,0,0,0,0,0,0,0,0,0,0,0,0,0,0,0,0,0,0,0,0,0,0,0,0,0,0,0,0,0,0,0,0,0,0,0,0,0,0,0,0,0,0,0,0,0,0,0,0,0,0,0,0,0,0,0,0,0,0,0,0,0,0,0,0,0,0,0,0,0,80102940114.0,0,0,0,0,0,0,0,0,0,0,0,0,0,0,0,0,0,0,0,0,0,0,0,0,0,0,0,0,0,0,0,0,0,0,0,0,0,0,0,0,0,0,0,0,0,0,0,0,0,0,0,0,0,0,0,0,0,0,0,0,0,0,0,0,0,0,0,0,0,0,0,0,0,0,0,0,0,0,0,0,0,0,0,0,0,0,0,0,0,0,0,0,0,0,0,0,0,0,0,0,0,0,0,0,0,0,0,0,0,0.634949555083,0,0,0,0,0,0,0,0,0,0,0,0,0,0,0,0,0,0,0,0,0,0,0,0,0,0,0,40051.52125,0,0,0,0,0,0,0,0,0,0,0,0,0,0,0,0,0,0,0,0,0,0,0,0,0,0,0,0,0,0,0,0,0,0,0,0,0,0,0,0,0,0,0,0,0,0,0,0,0,0,0,0,0,0,0,0,0,0,0,0,0,0,0,0,0,0,0,0,0,0,0,0,0,0,0,0,0,0,0,0,0,0,0,0,0,0,0,0,0,0,602049935.723,0,0,0,0,0,0,0,0,0,0,0,0,0,0,0,0,0,0,0,0,0,0,0,0,0,0,0,0,0,0,0,0,0,0,0,0,0,0,0,0,0,0,0,0,0,0,0,0,0,0,0,0,0,0,0,0,0,0,0,0,0,0,0,0,0,0,0,0,0,0,0,0,0,0,0,0,0,0,0,0,0,0,0,0,0,0,0,0,0,0,0,0,1271530.25721,0,0,0,0,0,0,0,0,0,0,0,0,0,127730750239.0,0,0,0,0,0,0,0,
iperf,iperf_tx-8192-0-1-0,0,0,0,0,0,0,0,0,0,0,0,0,0,0,0,0,0,0,0,0,0,0,0,0,0,0,0,0,0,0,0,0,0,0,0,0,0,0,0,0,0,0,0,0,0,0,0,0,0,0,0,0,0,0,0,0,0,9.92625,0,0,0,0.10792792734,0,0,0,0,0,0,0,0,0,0,0,0,0,0,0,0,0,0,0,0,0,0,0,0,0,0,0,0,0,0,0,0,0,0,0,0,0,0,0,0,0,0,0,0,0,0,0,0,0,0,0,0,0,0,0,0,0,0,0,0,0,0,0,0,0,0,0,0,0,0,0,0,0,0,0,0,0,0,0,0,0,0,0,0,0,0,0,0,0,0,0,0,0,0,0,0,0,0,0,0,0,0,0,0,0,0,0,0,0,7858.68416845,0,0,0,0,0,0,0,0,0,0,0,0,0,0,0,0,0,0,0,0,0,0,0,0,0,0,0,0,0,0,0,0,0,0,0,0,0,0,0,0,0,0,0,0,0,0,0,0,0,0,0,0,0,0,0,0,0,0,0,0,0,0,0,0,0,0,0,0,0,0,0,0,0,0,0,0,0,0,0,0,0,0,0,0,442775.875,0,0,0,0,0,0,0,0,0,0,0,0,0,0,0,0,0,0,0,0,0,0,0,0,0,0,0,0,0,0,0,0,0,0,0,0,0,0,0,0,0,0,0,0,0,0,0,0,0,0,0,0,0,0,0,0,0,0,0,0,0,0,0,0,0,0,0,0,0,0,0,0,0,0,0,0,0,0,0,0,0,0,0,0,0,0,0,0,0,0,0,0,0,0,0,0,0,0,0,0,0,0,0,0,0,0,0,0,0,0,0,0,0,0,0,0,0,0,0,80099286824.0,0,0,0,0,0,0,0,0,0,0,0,0,0,0,0,0,0,0,0,0,0,0,0,0,0,0,0,0,0,0,0,0,0,0,0,0,0,0,0,0,0,0,0,0,0,0,0,0,0,0,0,0,0,0,0,0,0,0,0,0,0,0,0,0,0,0,0,0,0,0,0,0,0,0,0,0,0,0,0,0,0,0,0,0,0,0,0,0,0,0,0,0,0,0,0,0,0,0,0,0,0,0,0,0,0,0,0,0,0,1.04569280264,0,0,0,0,0,0,0,0,0,0,0,0,0,0,0,0,0,0,0,0,0,0,0,0,0,0,0,40049.69375,0,0,0,0,0,0,0,0,0,0,0,0,0,0,0,0,0,0,0,0,0,0,0,0,0,0,0,0,0,0,0,0,0,0,0,0,0,0,0,0,0,0,0,0,0,0,0,0,0,0,0,0,0,0,0,0,0,0,0,0,0,0,0,0,0,0,0,0,0,0,0,0,0,0,0,0,0,0,0,0,0,0,0,0,0,0,0,0,0,0,886583744.554,0,0,0,0,0,0,0,0,0,0,0,0,0,0,0,0,0,0,0,0,0,0,0,0,0,0,0,0,0,0,0,0,0,0,0,0,0,0,0,0,0,0,0,0,0,0,0,0,0,0,0,0,0,0,0,0,0,0,0,0,0,0,0,0,0,0,0,0,0,0,0,0,0,0,0,0,0,0,0,0,0,0,0,0,0,0,0,0,0,0,0,0,2087604.74475,0,0,0,0,0,0,0,0,0,0,0,0,0,133677413595.0,0,0,0,0,0,0,0,
iperf,iperf_tx-16384-1-1-0,0,13221.00,0.00,0,0.86,0,0,11601.00,0.00,0,0,0,0.00,0,0,13265.50,0.00,0,12831.00,0.00,0.00,11612.00,0,12861.00,0,928617.50,0.00,919.75,0,0,0,24613.33,0,0.00,0,0.00,0,0,0,0.86,0,0,0,0.00,0,0.00,0,919.75,0,0,12447.50,0.00,0,0,804797.00,0,0,10.3175,0.00,0,16242.00,0.476596002921,0,0,0,0.00,0.00,0,0,0,0,0.00,12888.00,0,0,0.00,0.00,0.00,0,8115.00,13393.00,0,0,0,0.00,10.00,0,320.08,0,1371365445.62,0,872599.00,0.00,0.00,70593.15,0,0,42908.62,0,16771.29,10.38,0.00,0,0,0,0.00,0.71,0,908809.50,0.00,0,0,0,0.00,0,0,6419.00,0.00,0,0.00,0,0,1405342080.7,0,0,0.00,0.00,0.00,0.00,0.00,0.00,0.00,0.00,0.00,0.00,0,0,13059.00,0,0.0,12193.00,0.00,0,0.00,875554.38,0,0,0,0,0,0,0.00,0,0,70591.95,0,0,12861.00,0,0,0.00,0.00,0,0.00,0,0.00,12927.00,0,0,0,0,205726.397852,16242.00,0,0,0,0,571.00,0,0,0,0,0,0.86,0,0,25243.13,0.00,6425.00,0,0,0,0,0,0,45391.50,0,0.00,0,0,0,0.00,29865.25,23401.55,29865.25,0,13265.50,0,0,0,0,0,0,0,0,0,42908.62,0,0,0,13265.50,0,16771.29,0,0,0,0.00,0,13468.00,0,0.00,908809.25,0,0,0,919.75,0,0,0,0,0,0,45391.38,0,0,0,0.00,0,0,0,15395.00,0,0,0,0,0,643800.375,0.00,12890.00,0,64393.98,0,0.00,0.00,0,0,102464859.62,0.00,0,0,0,0,12853.00,0,0,0,0,0,0,102464596.04,0,0.00,0.00,0,0,0,10.38,0,13414.00,0,0,0,908808.75,0,888927.00,0,0.01,12473.00,0,0,6633.25,284.50,16771.38,0.00,0.00,10.00,0,0,0,0,12890.00,919.92,0,0.00,0,64388.23,0,13221.00,0,15402.00,0,0,0,0.00,0,0,571.00,0.00,0.00,70593.48,0,0,0,1310068676.62,0.00,0,0,0,0,0,0.00,0,0,12831.00,0.00,0,848360.00,13265.5,0,0,0,0.00,0,0,0.00,0.00,0,0.00,0,0,0,0,0,919.75,0,0,0.86,0.00,0,0,0,0,0,0,64388.90,0,80102966510.6,908808.38,108510754.528,45391.50,0,41509.88,0,0,0.00,0,60707.53,7763.00,0,0.00,0.00,0.00,908808.75,12473.00,0,0,0.00,0,0,0,0,0,12991.00,0,0,0,0,0.00,502.50,0,0.00,29865.25,0,0,0.00,0.00,0.00,0.00,99.88,0.00,0.00,0.00,0.00,0,0,0,0.00,12451.50,0.00,0,70589.33,0,0,0,0,0,106831541.72,0,106827014.82,0,1072001.00,10.38,0,0,0.00,15522.00,0.00,0,0,0,12859.00,0.00,13265.50,0.0,0,0,0,928618.50,0,0,0.00,0,0,0.0,0,0,0,0,0.00,0.00,0,0.00,0.33,0,0.00,0,106550793.02,37706.00,0.71,0.00,0,908809.12,0,0,0,919.75,1.89367367833,24613.95,0,0,0.00,0,13468.00,0,42284.38,0,0,6611.00,6496.00,3.55,0.00,0,10.38,0,0,0,45391.50,0.00,6092.00,0.00,0,0,0,0,40051.535,15651.48,0,0,0,0,0,0,0,0,16771.29,0.00,99.88,0.00,0.86,0.00,0,15651.48,0,0,0,0,0.00,0,0,6236.50,12853.00,0,0,0,0,503.50,0,0,0.00,0,0,1375000113.62,0,13064.00,0,928617.75,13265.50,0,1024501.00,0,0,0,0.00,25243.13,0.00,0,106550283.11,0,0,0,0,0.00,1371365154.62,15522.00,0,15402.00,0,0,0,0,0,0,0,0,0.00,0,10.38,0.00,0.00,0,0,12193.00,0,0,0,823244.00,1371364947.75,0,857435.00,11612.00,0,0,0.00,0,0,2802516114.28,0,0,0,0,0.00,0.00,0,0,0,12926.00,1371364947.75,0,13265.62,6739.00,0.00,0,0.00,0,0,0,1374999164.38,0,0.00,0.00,0.00,0.00,0.00,0.00,0.00,0.00,0.00,0,106551069.12,0,12991.00,0,0,0.00,0.00,0,0,70593.63,0,0,0,0,0.33,0,0,0.00,0,42284.75,1310068468.50,0,0,0,0,0,0.00,0,0,25243.13,0,846869.00,0.00,0,0,0,0,0,12922.00,0,0,0,0,0,13064.00,0,0.00,0,10.38,0.00,746.50,0.00,0,0,0,0.00,875554.38,0,0,0,3783638.47944,13414.00,0,0,0.00,0.00,502.50,461.20,0,0.00,0,320.08,0,0.00,133632714338.0,746.50,0,0,0,0,0,12451.50,
iperf,iperf_tx-4096-0-0-0,0,0,0,0,0,0,0,0,0,0,0,0,0,0,0,0,0,0,0,0,0,0,0,0,0,0,0,0,0,0,0,0,0,0,0,0,0,0,0,0,0,0,0,0,0,0,0,0,0,0,0,0,0,0,0,0,0,5.7025,0,0,0,0.0108972473589,0,0,0,0,0,0,0,0,0,0,0,0,0,0,0,0,0,0,0,0,0,0,0,0,0,0,0,0,0,0,0,0,0,0,0,0,0,0,0,0,0,0,0,0,0,0,0,0,0,0,0,0,0,0,0,0,0,0,0,0,0,0,0,0,0,0,0,0,0,0,0,0,0,0,0,0,0,0,0,0,0,0,0,0,0,0,0,0,0,0,0,0,0,0,0,0,0,0,0,0,0,0,0,0,0,0,0,0,0,29450.4239019,0,0,0,0,0,0,0,0,0,0,0,0,0,0,0,0,0,0,0,0,0,0,0,0,0,0,0,0,0,0,0,0,0,0,0,0,0,0,0,0,0,0,0,0,0,0,0,0,0,0,0,0,0,0,0,0,0,0,0,0,0,0,0,0,0,0,0,0,0,0,0,0,0,0,0,0,0,0,0,0,0,0,0,0,398585.0,0,0,0,0,0,0,0,0,0,0,0,0,0,0,0,0,0,0,0,0,0,0,0,0,0,0,0,0,0,0,0,0,0,0,0,0,0,0,0,0,0,0,0,0,0,0,0,0,0,0,0,0,0,0,0,0,0,0,0,0,0,0,0,0,0,0,0,0,0,0,0,0,0,0,0,0,0,0,0,0,0,0,0,0,0,0,0,0,0,0,0,0,0,0,0,0,0,0,0,0,0,0,0,0,0,0,0,0,0,0,0,0,0,0,0,0,0,0,0,80696780415.8,0,0,0,0,0,0,0,0,0,0,0,0,0,0,0,0,0,0,0,0,0,0,0,0,0,0,0,0,0,0,0,0,0,0,0,0,0,0,0,0,0,0,0,0,0,0,0,0,0,0,0,0,0,0,0,0,0,0,0,0,0,0,0,0,0,0,0,0,0,0,0,0,0,0,0,0,0,0,0,0,0,0,0,0,0,0,0,0,0,0,0,0,0,0,0,0,0,0,0,0,0,0,0,0,0,0,0,0,0,7.84237836613,0,0,0,0,0,0,0,0,0,0,0,0,0,0,0,0,0,0,0,0,0,0,0,0,0,0,0,40348.44375,0,0,0,0,0,0,0,0,0,0,0,0,0,0,0,0,0,0,0,0,0,0,0,0,0,0,0,0,0,0,0,0,0,0,0,0,0,0,0,0,0,0,0,0,0,0,0,0,0,0,0,0,0,0,0,0,0,0,0,0,0,0,0,0,0,0,0,0,0,0,0,0,0,0,0,0,0,0,0,0,0,0,0,0,0,0,0,0,0,0,88403642.9418,0,0,0,0,0,0,0,0,0,0,0,0,0,0,0,0,0,0,0,0,0,0,0,0,0,0,0,0,0,0,0,0,0,0,0,0,0,0,0,0,0,0,0,0,0,0,0,0,0,0,0,0,0,0,0,0,0,0,0,0,0,0,0,0,0,0,0,0,0,0,0,0,0,0,0,0,0,0,0,0,0,0,0,0,0,0,0,0,0,0,0,0,15685068.2795,0,0,0,0,0,0,0,0,0,0,0,0,0,140947745682.0,0,0,0,0,0,0,0,
iperf,iperf_tx-2048-0-0-0,0,0,0,0,0,0,0,0,0,0,0,0,0,0,0,0,0,0,0,0,0,0,0,0,0,0,0,0,0,0,0,0,0,0,0,0,0,0,0,0,0,0,0,0,0,0,0,0,0,0,0,0,0,0,0,0,0,4.135,0,0,0,0.00707106781187,0,0,0,0,0,0,0,0,0,0,0,0,0,0,0,0,0,0,0,0,0,0,0,0,0,0,0,0,0,0,0,0,0,0,0,0,0,0,0,0,0,0,0,0,0,0,0,0,0,0,0,0,0,0,0,0,0,0,0,0,0,0,0,0,0,0,0,0,0,0,0,0,0,0,0,0,0,0,0,0,0,0,0,0,0,0,0,0,0,0,0,0,0,0,0,0,0,0,0,0,0,0,0,0,0,0,0,0,0,8766.25595679,0,0,0,0,0,0,0,0,0,0,0,0,0,0,0,0,0,0,0,0,0,0,0,0,0,0,0,0,0,0,0,0,0,0,0,0,0,0,0,0,0,0,0,0,0,0,0,0,0,0,0,0,0,0,0,0,0,0,0,0,0,0,0,0,0,0,0,0,0,0,0,0,0,0,0,0,0,0,0,0,0,0,0,0,380450.0,0,0,0,0,0,0,0,0,0,0,0,0,0,0,0,0,0,0,0,0,0,0,0,0,0,0,0,0,0,0,0,0,0,0,0,0,0,0,0,0,0,0,0,0,0,0,0,0,0,0,0,0,0,0,0,0,0,0,0,0,0,0,0,0,0,0,0,0,0,0,0,0,0,0,0,0,0,0,0,0,0,0,0,0,0,0,0,0,0,0,0,0,0,0,0,0,0,0,0,0,0,0,0,0,0,0,0,0,0,0,0,0,0,0,0,0,0,0,0,80697032425.8,0,0,0,0,0,0,0,0,0,0,0,0,0,0,0,0,0,0,0,0,0,0,0,0,0,0,0,0,0,0,0,0,0,0,0,0,0,0,0,0,0,0,0,0,0,0,0,0,0,0,0,0,0,0,0,0,0,0,0,0,0,0,0,0,0,0,0,0,0,0,0,0,0,0,0,0,0,0,0,0,0,0,0,0,0,0,0,0,0,0,0,0,0,0,0,0,0,0,0,0,0,0,0,0,0,0,0,0,0,12.0891050511,0,0,0,0,0,0,0,0,0,0,0,0,0,0,0,0,0,0,0,0,0,0,0,0,0,0,0,40348.56875,0,0,0,0,0,0,0,0,0,0,0,0,0,0,0,0,0,0,0,0,0,0,0,0,0,0,0,0,0,0,0,0,0,0,0,0,0,0,0,0,0,0,0,0,0,0,0,0,0,0,0,0,0,0,0,0,0,0,0,0,0,0,0,0,0,0,0,0,0,0,0,0,0,0,0,0,0,0,0,0,0,0,0,0,0,0,0,0,0,0,36724685.2645,0,0,0,0,0,0,0,0,0,0,0,0,0,0,0,0,0,0,0,0,0,0,0,0,0,0,0,0,0,0,0,0,0,0,0,0,0,0,0,0,0,0,0,0,0,0,0,0,0,0,0,0,0,0,0,0,0,0,0,0,0,0,0,0,0,0,0,0,0,0,0,0,0,0,0,0,0,0,0,0,0,0,0,0,0,0,0,0,0,0,0,0,24180438.6492,0,0,0,0,0,0,0,0,0,0,0,0,0,132451444906.0,0,0,0,0,0,0,0,
iperf,iperf_tx-8192-1-1-0,0,0,0.00,0.00,0.33,0,0,0,0.00,0,0.00,15.50,0.00,0,0,12598.25,0.00,16502.00,12093.00,0,0.00,0,31.00,11903.00,12095.00,881925.00,0.00,562.91,0,0.00,0.00,4218.90,0,0.00,0,0,0,0.00,14831.00,0.33,12150.00,0.00,0,0.00,0,0,0,562.91,0,0,0,0.00,0,0,0,13755.00,0,9.39625,0.00,12245.00,12498.00,0.489130286836,0,0,0,0,0.00,0,0,13800.00,0,0.00,0,0,0,0.00,0.00,0,0,6252.00,12335.00,0,0,0,0.00,8.88,0,17.25,0,1260707969.50,0,0,0,0.00,24933.07,0,0,38256.75,12986.00,7916.10,9.88,0.00,0.00,0.00,0,0.00,0.33,0,834102.12,0,0,0,0,0,0,0,6048.00,0.00,0,0,0,0,1395652324.25,0.00,0,0.00,0.00,0.00,0.00,0.00,0.00,0.00,0.00,0.00,0.00,0,0,11936.00,0,0.0,0,0.00,0,0.00,831530.38,0,0,0,0,0,0,0,0,13804.00,24933.26,0.00,0,11903.00,0,0,0,0.00,0.00,0.00,0.00,0.00,0,0,12061.00,0,0.00,223002.930986,12498.00,798316.00,0,0,0.00,0,0.00,0,0,0,0,0.33,0,0,4402.19,0.00,0,0,0,0,0,0,0,39033.00,0.00,0,0.00,0,0,0,16592.50,4218.49,16592.50,0,12598.25,0,0.00,0,0,0,0,0,12064.00,0,38256.50,0,0,0,12598.25,0,7916.10,12986.00,0,0.00,0.00,0,12098.00,0,0.00,834102.50,0,0,0,562.91,6502.00,0.00,0,0,0,0,39033.00,0.00,0,0,0.00,0.00,0,0,12060.00,0,0.00,0,0.00,12095.00,596374.625,0.00,0,0,39397.96,13006.00,0,0.00,0,0,36197776.26,0.00,0,12150.00,0,0,0,0,0.00,0,0,0,0.00,36197225.70,0,0.00,0,8255.00,857085.00,0,9.88,0,12338.00,0,0,0,834101.62,0,798524.00,6496.00,0.01,0,0,0,6298.12,0,7916.10,0.00,0.00,8.88,0,0,0,0,0,562.80,0,0.00,0,39402.85,0,0,13804.00,12063.00,0,0.00,0,0,0.00,0,0,0.00,0.00,24933.33,0,0,0,1204870197.12,0.00,0,6118.00,0,0,0,0.00,0,0,12093.00,0.00,0,0,12598.25,0,0,0,0.00,0,0,0.00,0.00,0,0.00,0,0,0,0,0.00,562.91,0,0,0.33,0,0,0,0,12592.00,0,0,39402.32,0,80101785708.5,834103.00,29412497.2604,39033.00,0.00,29107.12,0,0,0.00,0.00,37151.76,6023.00,0,0.00,0.00,0,834101.62,0,0,0,0.00,0,0,0,0.00,1089194.00,0,12592.00,858458.00,0,0,0.00,0,0.00,0.00,16592.50,31.00,0,0.00,0.00,0.00,0.00,100.00,0.00,0.00,0.00,0.00,6048.00,12141.00,0,0.00,0,0.00,0,24932.02,0,12064.00,0,0,0,37785709.17,0,37783944.55,0,824911.00,9.88,0.00,0.00,0.00,12116.00,0.00,0,0,0.00,11899.00,0,12598.25,0.0,0,0,0,881925.50,0,0.00,0.00,14840.00,807358.00,0.0,0,0,0,0,0.00,0.00,0,0,0.00,0,0,0,37686167.53,0,0.33,0,0.00,834101.50,0,0,0,562.91,2.03182184258,4218.90,0.00,0,0.00,0.00,12098.00,0,29112.12,0,13755.00,0,0,3.55,0.00,0,9.88,0,12243.00,907886.00,39033.00,0,0,0.00,0,0,0.00,0,40050.945,7744.36,0,14840.00,31.00,0,12245.00,0,0,0.00,7916.10,0.00,100.00,0.00,0.33,0,0,7744.13,0,0,0,12232.00,0.00,0,0,0,0,0,0,0,0,0,0,0.00,0.00,0,0,1264044797.88,0.00,11939.00,0,881925.75,12598.25,0,799708.00,0,0,0,0.00,4402.19,0,0,37685700.25,0,0,0,0,0,1260706916.25,12116.00,0.00,12063.00,15.50,0,0,0.00,0,0,0,0,0,0.00,9.88,0,0.00,0,0,0,0,0,0.00,0,1260707165.25,0,0,0,0.00,0,0.00,0,0,3345899287.56,0,0,0.00,0,0,0.00,13006.00,0.00,0.00,0,1260707165.25,0,12598.38,6048.00,0,0,0,0,0,0,1264045825.62,0,0.00,0.00,0.00,0.00,0.00,0.00,0.00,0.00,0.00,0.00,37686744.11,0,0,0,12587.00,0,0.00,0,0,24933.54,0.00,6873.00,0,0,0.00,0,0.00,0.00,12232.00,29112.12,1204870435.00,0,0.00,0,16502.00,0,0.00,0,0,4402.19,0,798141.00,0.00,0,0,0.00,0,0,0,0,0,0,0,0,11939.00,0,0,0,9.88,0,822.75,0.00,0,0,0.00,0.00,831530.38,0,0,0,4065607.04565,12338.00,0,0,0.00,0,0,281.39,0,0.00,0,17.25,0,0.00,130226674724.0,822.75,0.00,0,0,0,0,0,
iperf,iperf_tx-2048-1-1-0,0,0,0.00,0,0.00,0,0,0,0.00,0,56.00,122.41,0.00,4486.00,0,8232.25,0,7947.00,6715.00,0,0,0,0,6686.00,0,576297.12,0.00,1019.27,6647.00,0.00,714.00,4821.88,0,0.00,0,0,0.00,0.00,7767.50,0.00,8698.00,0,0,0.00,0,0,0.00,1019.36,0,0,0,0,0,8974.00,0,16531.00,0.00,5.3325,0,7510.00,0,0.0971789586279,0,0,0,0,0.00,0.00,0,13990.00,0,0.00,0,0,0,0.00,0.00,0,4317.00,0,0,0.00,0,0,0.00,4.62,0,166.70,0,680126251.12,0,0,0,0.00,14822.04,0,0,45686.88,0,13190.76,5.00,0.00,0,0,0,0,0.48,0,450153.75,0,0,0,0,0,0,0,3043.00,0,0,0,0,0,1222288205.18,0,0,0.00,0.00,0.00,0.00,0.00,0.00,0.00,0.00,0.00,0.00,0,0,0,0,0.0,0,0.00,0,0,543368.25,0,0,0,0,0,0,0,0,14001.00,14821.71,0,0,6686.00,0,0,0,0.00,0.00,0.00,673.00,0.00,0,0,0,0.00,0.00,45029.7701499,0,0,0.00,3334.00,0.00,0,0,0,0,0.00,0,0.00,6658.00,0,5187.03,0,0,0,0,0.00,0,0.00,0,48637.25,0.00,0,0.00,0,439434.00,0,19773.75,4821.14,19773.75,0,8232.50,0.00,0.00,0,0,55.00,0,0,0,0,45686.88,0.00,0,0.00,8232.38,0.00,13190.87,0,0,0,0.00,0,0,0,0,450154.62,0.00,0,0,1019.27,4483.00,0,0,0.00,0,0,48637.12,74109.50,0,0,0,0,0,0.00,0,0,0,0,0,0,448351.0,0,0,0.00,71350.68,8965.00,0,0.00,0,8726.00,23568892.46,0,6658.00,8698.00,0,8755.00,0,0,1123.00,0.00,0.00,0,714.00,23569469.17,0,0.00,0,3945.50,0,0,5.00,0,0,0,0,0,450153.38,0,0,0,0.01,0,0,0,4053.50,0,13190.73,0.00,0,4.62,8726.00,0,0.00,0,0,1019.27,0.00,0.00,0,71354.70,0,0,14001.00,0,0.00,0.00,0,0,673.00,0,0,0.00,0.00,14823.28,361.00,0,0,646355841.50,0,0,3434.00,0,0,0,0.00,0,0,6715.00,0,0,0,8232.5,0,0,0,0.00,0,316.00,0,0,0,0.00,0,0,0,8404.00,528.50,1019.43,0,0,0.00,0,0,0,0,0,0,0,71354.88,0,80095829138.0,450157.25,39914728.5551,48637.25,0,28382.50,0,0,0.00,0,67277.75,0,0,0.00,0,0,450153.38,0,0,0,0.00,8723.00,0,0,0.00,524539.50,0,0,591729.50,0,0,0.00,0,0.00,0,19773.75,197.25,0,0.00,0.00,0.00,0.00,99.75,0.00,0.00,0.00,0.00,0,8695.00,60.00,0.00,0,0.00,0,14818.56,8409.00,0,0,0,0,22453901.04,0,22448798.42,0,0,5.00,0.00,0,0.00,0,0.00,0,0,0.00,6684.00,0,8232.25,0.0,0,0,8409.00,576298.75,0,140.79,0.00,7770.50,501101.00,0.0,0.00,8974.00,0,0,0,0,0,0,0.43,0,0,0,22397015.46,0,0.48,0,47110.50,450153.12,0,0,0,1019.43,1.98795592255,4821.88,0.00,0,0.00,0.00,0,0,28386.12,0,16531.00,0,0,3.56,0.00,0,5.0,0,7509.00,1091085.00,48637.38,0,0,0,0,0,673.00,0,40047.9675,11607.93,577830.00,7770.50,0,0,7510.00,0,0,927.50,13190.84,0.00,99.75,0.00,0.00,0,0,11607.93,0.00,8755.00,0,7592.00,0,0.00,0,0,0,0,0.00,0,0,0,0,0,0.00,0,0,681928022.00,0.00,0,0.00,576299.62,8232.50,0.00,0,6646.00,0,0,0.00,5187.03,0,361.00,22394953.31,0,0,0,0,0,680125460.00,0,0,0,108.00,0,0,929.50,0.00,0,0.00,0,0,0,5.00,0,0.00,0.00,0,0,0,0.00,0.00,0,680125509.50,0,0,0,355.00,0,0.00,0,0,205116980.966,0,0,0.00,0.00,0,0.00,8965.00,1123.00,0.00,0,680125509.5,0,8232.25,0,0,0.00,0,0,0,0,681932574.25,0,0.00,0.00,0.00,0.00,0.00,0.00,0.00,0.00,0.00,0.00,22396397.32,0,0,0,0,0,0,0,0,14822.89,0,8268.00,0,60.00,0.43,0,0.00,0,7592.00,28386.25,646355912.12,0,0,0,7947.00,0,0.00,0,0,5187.03,0,443196.00,0.00,6647.00,0,0.00,0,0,0,0.00,0,0,0,0,0,0.00,0,0.00,5.00,0,585.62,0.00,0,0,0.00,0,543368.25,0,0,0,3974130.02489,0,0,313.00,0,0,0,543.24,0,0.00,0,166.70,592287.00,0.00,112756102109.0,585.62,929.50,0,0,0,0,0,
iperf,iperf_tx-8192-1-0-0,217306.00,575888.00,0.00,0,0.00,0,0,3789.00,0.00,0,0,9742.64,0.00,70418.00,0,1141.38,0,0,575055.00,0.00,0,12058.00,0,5442.00,0,869707446.38,6.00,9.07,0,0,0,99.83,0,0.00,0,6.00,6.00,0,0,0.00,0,0,0,0.00,563.75,0.00,0.00,1565.92,0.00,0,0,0,0,575448.00,0,0,0.00,6.6225,0.00,0,0,0.015612494996,0.00,0,1311.00,0,6.00,0.00,0,0,0,0.00,3768.00,239093.50,0,0.00,0.00,0.00,94785.00,0,0,0.00,0.00,0,0.00,0,47226.50,0,0,214927.50,0,869632273.00,0.00,6.00,7.87,0,0,0,0,7.87,0.00,0.00,0,0,573033.00,0,0,0.00,3256.00,0,0,0,0,0,0,0,49245.00,0,0,0.00,0,0.00,0.0,0,0.00,0.00,0.00,0.00,0.00,0.00,0.00,0.00,0.00,0.00,0.00,0,0,4091.00,0,6.0,0,0,0.00,0,867409475.38,572644.00,0,0,0,237443.00,194635.00,0,0,0,7.87,0,0,12080.00,0,9742.33,0.00,0.00,0,0.00,0,0.00,5694.00,0,0,0,0,12276.4109067,0,0,0.00,0,0,0,0,0,199.00,0,0.00,0.00,0,0,7.87,0.00,48843.00,0.00,1911.50,0.00,0,0,0,3256.00,0,0.00,0,0,0,0,3256.00,128.29,3256.00,22.50,574412.62,0,0,0,237894.00,0,0.00,0,0,0,0,0,573033.00,217306.00,574411.00,0.00,7.87,0,0,0,0,0.00,576484.00,0.00,0,3256.00,0.00,0,0,1567.26,0,0,0,0.00,0,0,3256.00,0,238281.00,0,6.00,0,0,0,0,0,0,6.00,0,0,471669.0,0,11984.00,0,2357485.42,0,0,0.00,237439.00,12288.00,0,0.00,0,0,12265.00,578846.00,570403.00,0,0,0.00,0.00,0,0,0,0,0.00,0.00,0,0,0,0.00,3964.00,0,0,0,0,3256.0,0,870534940.00,0,0.01,0,20.47,0,57119.62,0,7.87,0.00,0.00,0,5737.00,0,0.00,0,5399.00,1566.71,0,0.00,0,2358385.83,0,575888.00,0,0,6.00,0,0,0.00,0,1311.00,0,0.00,0.00,7.87,0,0,217434.00,0,0,0,0,0,0,0.00,0.00,0,1257.50,575055.00,0,0,861340759.00,574412.62,0,0,0.00,0.00,0,238281.00,0,0.00,0,0.00,1558.97,0,0,3996.00,0,1565.59,0,0,0.00,0,208.00,0,0.00,0,0,0,2356459.02,0,80697171588.9,3256.00,0.0,3256.00,0,7177.00,0,0,0.00,0,2349651.87,0,3784.00,0.00,0.00,6.00,3256.00,0,0,0,0.00,4091.00,572579.25,0,0,0,574098.00,0,0,0,0.00,0.00,0,0,0,3256.00,0,1259.00,0.00,0.00,0.00,0.00,100.00,0.00,0.00,0.00,0.00,0,0,0,0.00,0,0.00,0,7.87,12180.00,0,0,0,6.00,549.63,0.00,552.02,0,0,0.00,0,0,0.00,0,0.00,0,0.00,0,3798.00,0.00,574413.12,2395759.09806,217436.00,230028.50,5645.00,869704455.88,0,0,6.00,0,0,1165854898.35,0.00,575448.00,0,0,0,0,0,0.00,0.00,0,0.00,864763251.50,518.74,0,0,0.00,0,3256.00,572644.00,0.00,217672.00,1565.59,11.7708036578,133.31,0,236360.00,6.00,0,576484.00,0,15411.75,0,0,70508.00,49155.00,3.55,0.00,0.00,0.0,0,0,0,3256.00,0.00,0,0.00,0,0,0,0,40348.6375,0,874116333.00,0,0,22.50,0,0,0,0,7.87,0.00,100.00,0.00,0.00,0.00,236360.00,0,0,578846.00,0,0,0,0,0.00,0,570403.00,0,0.00,0.00,0,0,0,0,0.00,0,0,227954.38,0,5744.00,0,869707822.62,574412.62,0.00,0,0,47.16,0,0.00,7.87,0.00,0,519.34,0,0,0,0.00,0.00,214927.88,0,0,0,230028.50,0,0.00,0,0,0,0.00,0,0.00,0,0.00,0,0,0.00,239096.00,0,0,0,0,0,214928.62,0,866921818.00,5430.00,0,865313381.00,0.00,0.00,0,105212346.431,0,0,0,0,6.00,0.00,0,0,0,12250.00,214928.62,0,574412.88,70570.00,0.00,0.00,0.00,12038.00,0,0,227954.38,0,0.00,0.00,0.00,0.00,0.00,0.00,0.00,0.00,0.00,0,518.20,1943652.50,574098.00,0,0,0.00,0,0.00,0,7.87,0,0,0,194635.00,0.00,0.00,0,0,0,8822.75,0,0.00,0,0,0,0.00,0.00,0,217672.00,7.87,0,868366118.00,0.00,0,0,0,0,0,4040.00,0.00,5422.00,0,121.75,0,12306.00,0,0.00,0,0.00,0.00,0,0.00,0.00,0,0,0.00,867409475.38,0,49078.00,237891.00,23540886.0684,0,0,0,0,0.00,0,10363.47,0,0.00,0,0,868968803.00,0,142682082184.0,0,0,5629.00,174.00,0,0,0,
iperf,iperf_tx-16384-0-0-0,0,0,0,0,0,0,0,0,0,0,0,0,0,0,0,0,0,0,0,0,0,0,0,0,0,0,0,0,0,0,0,0,0,0,0,0,0,0,0,0,0,0,0,0,0,0,0,0,0,0,0,0,0,0,0,0,0,7.21875,0,0,0,0.0183285978733,0,0,0,0,0,0,0,0,0,0,0,0,0,0,0,0,0,0,0,0,0,0,0,0,0,0,0,0,0,0,0,0,0,0,0,0,0,0,0,0,0,0,0,0,0,0,0,0,0,0,0,0,0,0,0,0,0,0,0,0,0,0,0,0,0,0,0,0,0,0,0,0,0,0,0,0,0,0,0,0,0,0,0,0,0,0,0,0,0,0,0,0,0,0,0,0,0,0,0,0,0,0,0,0,0,0,0,0,0,31758.8722446,0,0,0,0,0,0,0,0,0,0,0,0,0,0,0,0,0,0,0,0,0,0,0,0,0,0,0,0,0,0,0,0,0,0,0,0,0,0,0,0,0,0,0,0,0,0,0,0,0,0,0,0,0,0,0,0,0,0,0,0,0,0,0,0,0,0,0,0,0,0,0,0,0,0,0,0,0,0,0,0,0,0,0,0,362076.0,0,0,0,0,0,0,0,0,0,0,0,0,0,0,0,0,0,0,0,0,0,0,0,0,0,0,0,0,0,0,0,0,0,0,0,0,0,0,0,0,0,0,0,0,0,0,0,0,0,0,0,0,0,0,0,0,0,0,0,0,0,0,0,0,0,0,0,0,0,0,0,0,0,0,0,0,0,0,0,0,0,0,0,0,0,0,0,0,0,0,0,0,0,0,0,0,0,0,0,0,0,0,0,0,0,0,0,0,0,0,0,0,0,0,0,0,0,0,0,80707226945.8,0,0,0,0,0,0,0,0,0,0,0,0,0,0,0,0,0,0,0,0,0,0,0,0,0,0,0,0,0,0,0,0,0,0,0,0,0,0,0,0,0,0,0,0,0,0,0,0,0,0,0,0,0,0,0,0,0,0,0,0,0,0,0,0,0,0,0,0,0,0,0,0,0,0,0,0,0,0,0,0,0,0,0,0,0,0,0,0,0,0,0,0,0,0,0,0,0,0,0,0,0,0,0,0,0,0,0,0,0,3.89432580012,0,0,0,0,0,0,0,0,0,0,0,0,0,0,0,0,0,0,0,0,0,0,0,0,0,0,0,40353.66625,0,0,0,0,0,0,0,0,0,0,0,0,0,0,0,0,0,0,0,0,0,0,0,0,0,0,0,0,0,0,0,0,0,0,0,0,0,0,0,0,0,0,0,0,0,0,0,0,0,0,0,0,0,0,0,0,0,0,0,0,0,0,0,0,0,0,0,0,0,0,0,0,0,0,0,0,0,0,0,0,0,0,0,0,0,0,0,0,0,0,98669720.4767,0,0,0,0,0,0,0,0,0,0,0,0,0,0,0,0,0,0,0,0,0,0,0,0,0,0,0,0,0,0,0,0,0,0,0,0,0,0,0,0,0,0,0,0,0,0,0,0,0,0,0,0,0,0,0,0,0,0,0,0,0,0,0,0,0,0,0,0,0,0,0,0,0,0,0,0,0,0,0,0,0,0,0,0,0,0,0,0,0,0,0,0,7785741.29961,0,0,0,0,0,0,0,0,0,0,0,0,0,144287224705.0,0,0,0,0,0,0,0,
iperf,iperf_tx-2048-0-1-0,0,0,0,0,0,0,0,0,0,0,0,0,0,0,0,0,0,0,0,0,0,0,0,0,0,0,0,0,0,0,0,0,0,0,0,0,0,0,0,0,0,0,0,0,0,0,0,0,0,0,0,0,0,0,0,0,0,5.50375,0,0,0,0.0998670991869,0,0,0,0,0,0,0,0,0,0,0,0,0,0,0,0,0,0,0,0,0,0,0,0,0,0,0,0,0,0,0,0,0,0,0,0,0,0,0,0,0,0,0,0,0,0,0,0,0,0,0,0,0,0,0,0,0,0,0,0,0,0,0,0,0,0,0,0,0,0,0,0,0,0,0,0,0,0,0,0,0,0,0,0,0,0,0,0,0,0,0,0,0,0,0,0,0,0,0,0,0,0,0,0,0,0,0,0,0,30082.6186274,0,0,0,0,0,0,0,0,0,0,0,0,0,0,0,0,0,0,0,0,0,0,0,0,0,0,0,0,0,0,0,0,0,0,0,0,0,0,0,0,0,0,0,0,0,0,0,0,0,0,0,0,0,0,0,0,0,0,0,0,0,0,0,0,0,0,0,0,0,0,0,0,0,0,0,0,0,0,0,0,0,0,0,0,437621.625,0,0,0,0,0,0,0,0,0,0,0,0,0,0,0,0,0,0,0,0,0,0,0,0,0,0,0,0,0,0,0,0,0,0,0,0,0,0,0,0,0,0,0,0,0,0,0,0,0,0,0,0,0,0,0,0,0,0,0,0,0,0,0,0,0,0,0,0,0,0,0,0,0,0,0,0,0,0,0,0,0,0,0,0,0,0,0,0,0,0,0,0,0,0,0,0,0,0,0,0,0,0,0,0,0,0,0,0,0,0,0,0,0,0,0,0,0,0,0,80100538031.5,0,0,0,0,0,0,0,0,0,0,0,0,0,0,0,0,0,0,0,0,0,0,0,0,0,0,0,0,0,0,0,0,0,0,0,0,0,0,0,0,0,0,0,0,0,0,0,0,0,0,0,0,0,0,0,0,0,0,0,0,0,0,0,0,0,0,0,0,0,0,0,0,0,0,0,0,0,0,0,0,0,0,0,0,0,0,0,0,0,0,0,0,0,0,0,0,0,0,0,0,0,0,0,0,0,0,0,0,0,0.327812351049,0,0,0,0,0,0,0,0,0,0,0,0,0,0,0,0,0,0,0,0,0,0,0,0,0,0,0,40050.32125,0,0,0,0,0,0,0,0,0,0,0,0,0,0,0,0,0,0,0,0,0,0,0,0,0,0,0,0,0,0,0,0,0,0,0,0,0,0,0,0,0,0,0,0,0,0,0,0,0,0,0,0,0,0,0,0,0,0,0,0,0,0,0,0,0,0,0,0,0,0,0,0,0,0,0,0,0,0,0,0,0,0,0,0,0,0,0,0,0,0,256664717.593,0,0,0,0,0,0,0,0,0,0,0,0,0,0,0,0,0,0,0,0,0,0,0,0,0,0,0,0,0,0,0,0,0,0,0,0,0,0,0,0,0,0,0,0,0,0,0,0,0,0,0,0,0,0,0,0,0,0,0,0,0,0,0,0,0,0,0,0,0,0,0,0,0,0,0,0,0,0,0,0,0,0,0,0,0,0,0,0,0,0,0,0,655707.446908,0,0,0,0,0,0,0,0,0,0,0,0,0,113415894207.0,0,0,0,0,0,0,0,
iperf,iperf_tx-4096-1-0-0,186568.50,0,0.00,0,0.00,0,0,3709.00,0.00,494390.00,0,12609.30,0.00,60185.50,0,843.12,0,0,0,0,0,10738.00,0,0,0,747565136.25,0,67.27,11111.00,0,0,222.37,746605979.00,0.00,0,5.00,5.00,0,0,0.00,0,0,0.00,0.00,541.88,0,158.50,1389.19,0.00,0,0,0,0,493507.50,3.00,0,0.00,5.68,4944.56,0,0,0.0158113883008,0.00,0,0.00,0.00,5.12,0.00,0.00,0,0.00,0.00,3573.00,204012.00,0,0,0.00,0.00,55711.00,0,0,0.00,0,0,0.00,0,42326.00,0,0,208412.00,0.00,0,0.00,5.12,145.97,0,0,0,0,145.97,0.00,0.00,0,0,491925.00,0,0,0.00,3157.38,0.00,0,0.00,0,0,0,0.00,0,0,0,0.00,0.00,0.00,0.0,0,0.00,0.00,0.00,0.00,0.00,0.00,0.00,0.00,0.00,0.00,0.00,0,0.00,1111.33,0.00,5.0,0,0,0.00,0,745593715.62,492680.00,149736.00,0,0,206811.00,191305.00,0.00,0,0,145.97,0,0,0,0,12610.34,0.00,0.00,0,0,0,0.33,0,3551.00,0,0,0,12178.31598,0,0,20344.00,99312.00,0,0,0,0,0.00,0,0.00,0.00,498100.00,0,145.97,0.00,55680.00,0.00,0.00,0.00,0,6.00,0,3157.38,0,0,0,0,752153416.00,0,3157.38,268.53,3157.38,2.60,493730.62,0,0,10755.00,206703.00,0,0.00,0.00,0,0,0,0,491925.00,186569.00,493727.88,123.50,145.97,0,0.00,0,0,0.00,496343.00,0.00,0,3157.38,131.00,0,191334.00,1390.31,0,0,0,0.00,0,0,3157.38,0,0,0,5.00,0,0,0.00,0,0,0,5.00,0,0,418849.875,0,10740.00,0,2106381.49,0,0.00,0.00,206814.00,10911.50,0,0.00,498100.00,0,10715.00,494035.00,493440.00,0.00,0,1334.50,0.00,0,0,0,0.00,0.00,0.00,0,0,0.00,0.00,3442.00,0,0,0,0,3157.38,0,749505772.00,0,0.01,0,30.76,5033.00,53880.00,0,145.97,0,0.00,0,5290.00,0,1334.50,0,5036.00,1391.72,0,0.33,0,2104137.48,0,0,0,0,5.00,0,0,0,0,0.00,0,0.00,0.00,145.97,0,0,0,0,0,0,0,0,0,0.00,0.00,0,0.00,0,0,0,745168229.00,493730.62,0,0.00,0.00,0.00,0.00,0,0,0.00,0,0.00,1379.70,0,0,3561.00,0,1390.69,55865.00,0.00,0.00,0,0.00,0.00,0.00,0,0.00,0,2102430.32,0,80698986695.6,3157.38,0.0,3157.38,0,6817.62,0,0,0.00,0,2099437.60,0,3737.00,0.00,1571.66,0,3157.38,0,0,0,0.00,3853.50,492166.50,0,0,0,491714.00,0,0,191335.00,0.00,0.33,0,0,0,3157.38,0,0.00,0.00,0.00,0.00,0,100.00,0.00,0.00,0.00,0.00,0,0,0,0.00,0,0,0,145.97,10732.00,0,0.00,0,5.00,10215.79,0.00,10215.36,0.00,0,0.00,0,0,0.00,0,0.00,5.00,0.00,0,0,0.00,493728.00,3280625.09287,0,192958.50,5020.00,747564321.12,0,0,5.00,0,0,1105668129.28,0.00,493507.50,0.00,0,0,0,0.00,0.00,0.00,0,0,743996506.00,9631.19,0,0,0,0,3157.38,492680.00,0.00,186234.00,1390.69,15.3110221736,254.99,0,191036.00,5.12,0,496343.00,3.00,13939.38,149738.00,0,0,39151.00,3.55,0.00,0,0.0,0,0,0,3157.38,0.00,0,0.00,0,0,0,0,40349.545,0,746066439.00,0,0,4.72,0,0,0.00,0,145.97,0.00,100.00,0.00,0.00,0.00,191039.00,0,0.00,494035.00,0,0,0,0.00,0.00,0,493440.00,0,0,0.00,0,0,0,0,0.00,0,0,221043.38,0,1590.67,0.00,747564424.38,493730.62,21013.50,0,3967.00,116.60,0,0,145.97,0.00,0,9632.61,0,0,0,0.00,0.00,208411.12,0,0,0,192959.25,0,0,0,0.00,0,0.00,0,0.00,0,0.00,0,0,0.00,204014.00,0.00,0,0.00,0,0,208412.38,0.00,742539365.00,5140.00,0,742855927.00,0.00,0.00,0,131134754.392,0,0,0,0.00,5.00,0,0,0,0,0,208412.38,494390.00,493728.25,61934.00,0,0.00,0.00,10749.00,0.00,0,221045.12,0,0.00,0.00,0.00,0.00,0.00,0.00,0.00,0.00,0.00,0,9632.58,0.00,491714.00,0.00,0,0.00,0,20345.50,0.00,145.97,0,0,0,191308.00,0.00,0.00,0,0,0,8266.12,0,0.00,0,0,0,0.00,0.00,0,186231.00,145.97,0,0,0.00,5414.00,0,0,0.00,0,0,2028807.00,5157.00,0,189.38,0.00,3496.33,0,0.00,0.00,0.00,0,0,0,0.00,0.00,0,2249.54,745593715.62,0.00,39147.00,206704.00,30622873.9939,0,0,0,0,0.00,0,13174.85,0,0.00,0,0,745263403.00,0,140506061358.0,0,0,4902.00,0.00,0,0.00,0,
iperf,iperf_tx-2048-1-0-0,0,0,0.00,559.50,0.00,0,0,2715.50,0.00,0,147900.00,4035.99,0.00,0,0,443.25,0,357411.50,0,0,0,7941.00,0,0,358143.50,541661277.50,0,84.02,0,0,0.00,79.07,0,0.00,0,4.00,0,0,2703.00,0.00,3665.00,0.00,0,0.00,408.12,0,0,642.32,0,0,0,0,0,0,3.00,0,0,4.09625,0,0,0,0.0085695682505,0,0,0,0.00,4.00,0,0,0,0,0.00,2559.00,0,0,0,0.00,0.00,0,0,0,0,0,0,0.00,0,0,0,0,154802.62,0,0,165603.00,4.00,21.11,0,0,0,356483.00,21.22,0.00,0.00,0.00,559.50,0,0,0,0,2345.12,0.00,0,0.00,2454.00,0,0,0,0,0,0,5370.00,0,2168.50,0.0,0,0,0.00,0.00,0.00,0.00,0.00,0.00,0.00,0.00,0.00,0.00,0,0,0,0,4.0,0,0,0,0,540226334.12,0,0,0,0,0,0,0.00,0,0,21.22,0.00,0,0,0,4035.35,248.00,0.00,0,0,0.00,0.00,0,0,2547.00,0,0,7484.85467461,0,540842344.50,0,0,0.00,0,0.00,0,0,0,0.00,0.00,0,0,21.22,0,39241.00,0,0,0,0,0,0,2345.25,0,0,0,0,0,0,2345.25,109.42,2345.25,35.40,357730.12,0,4.00,0,148597.50,0,0.00,0,3627.00,0,0,0,0,0,357730.38,0,21.22,356483.00,0.00,0.00,0,5322.50,0,0,0,2345.25,0,0,0,641.19,32424.00,16.00,0,0,0,0,2345.12,1878628.00,0,0,0,1.00,0,0,0,0,0.00,0,4.00,358143.50,404618.0,0,7926.00,0,956609.94,358064.00,0.00,0.00,0,0,0,0,0,7863.00,0,0,358142.00,0,1261.50,0,0,0,0.00,0,0,0.00,0.00,30803.00,538373298.00,0,0.00,0,0,0,0,0,2345.25,0,0,27747.00,0.01,0,48.87,0,32709.88,0,21.11,0,0,0,0,0,0,5576.00,3683.50,642.09,0,0.00,0,955371.50,0,0,0,0,0,0,0,0,0.00,0,0,0.00,0.00,21.22,0,0,0,0,0,0,0,0,0.00,0.00,0.00,0,0,0,0,0,540847191.00,357730.12,146608.00,0,0,0.00,0.00,0,0,0,0,0.00,568.28,150499.00,0,0,3085.00,641.19,0,0,0.00,0,0,0.00,0,8004.00,0.00,0,956891.10,142290.50,80708462192.6,2345.25,0.0,2345.25,827653.50,4985.62,0,0,0.00,0.00,952611.19,0,0,0.00,0,0,2345.25,0,0,0,0.00,0,356600.38,0,0,539747738.00,357384.00,3890.00,540708825.00,0,0.00,0.00,0,0,0,2345.25,0,0,0.00,0.00,0.00,0,100.00,0.00,0.00,0.00,0.00,36781.00,2599.00,0,0.00,0,0,0,21.22,0,7811.00,0.00,5575.50,0,1475.30,0,1476.53,0,0,0.00,4.00,0,0.00,0,0.00,0,0.00,0,0,96.00,357731.75,1923946.90088,0,146132.75,0,541657589.50,0,0,4.00,3778.50,0,1078618339.03,0,0,0.00,0,0,0,0,2289.50,0.00,0,0,0,1389.61,0,0,0,0.00,2345.25,0,0,0,641.19,3.20038181316,102.08,0,139831.00,4.00,0.00,0,0,10255.75,0,0,0,30093.50,3.55,0.00,0,0.0,142290.00,0,0,2345.25,348911.00,0,0,147900.00,0,0.00,0,40354.2825,0,0,7938.50,0,16.46,0,0,0,111.00,21.22,0.00,100.00,0.00,0.00,96.00,139833.50,0,0,0,0,0,0,0,0.00,0,358142.00,0,0,0,0,0,0,2.00,0.00,150495.00,0,164185.25,0,0,0,541659567.00,357730.12,0,0,0,129.70,0,0,21.22,248.00,0,1388.77,0,0,0,5322.00,57.00,154803.00,0,4.00,0,146133.00,0.00,0,51.50,0,0,0,0,34.00,5857.00,0.00,0,0,0,0,0.00,0.00,0,0,0,154802.88,0.00,539706978.00,3784.50,0.00,0,0.00,2166.50,146608.00,67516282.3431,0,0,2454.00,0,4.00,0,358064.00,1261.50,0,0,154802.88,0,357732.88,0,0,0,117.50,0,0,0,164187.12,0,0.00,0.00,0.00,0.00,0.00,0.00,0.00,0.00,0.00,0,1390.45,0,357384.00,0.00,2816.00,119.50,0,0,0.00,21.22,0.00,0,0,0,0.00,0,0,0,0,6069.75,0,0,0.00,0,357411.50,0.00,0.00,0.00,0,21.22,0,0,0.00,0,0,0,0.00,0,0,0,0,0,239.38,0,0,0,9.50,0,0.00,0,0,0,0.00,0.00,0,0,540226334.12,0,0,148593.50,6403550.14284,0,0,0,0,84.00,0,4378.50,0,0.00,0,0,0,0,131715814740.0,0,102.50,0,0,0,0,0,
iperf,iperf_tx-4096-1-1-0,0,10407.00,0.00,0,0.33,0.00,2252.00,0,0.00,10354.00,0,24.23,0.00,0,0,10437.38,0,0,0,0.00,0,0,0,0,0,730660.12,0,178.36,10495.00,0,0,4509.92,683400.00,0.00,0.00,0,0,0,0,0.33,0,0,0,0.00,0,0.00,0,178.36,0,10310.50,0,0,10305.00,0,0,0,0,7.935,0,0,0,0.0672681202354,0.00,0.00,0.00,0,0.00,0,0,0,0.00,0.00,10276.00,0,10282.00,0,0.00,0.00,0,0,0,0,0,0,0.00,7.88,5196.00,37.61,31.00,1056095839.00,0.00,686921.00,0.00,0.00,20210.78,0,0,36962.75,0,9645.85,7.88,0.00,0,0,16567.00,0,0.33,0.00,700038.25,0,0.00,0,0,0,0.00,0,0,0,16.00,0.00,0.00,0,1314641923.78,0,0.00,0.00,0.00,0.00,0.00,0.00,0.00,0.00,0.00,0.00,0.00,0,0,0,0,0.0,0,0.00,0.00,0,688900.12,10458.00,0,0,21.00,81.00,0,0,10338.00,0,20210.76,0,0,0,0,0,0,0.00,0,0,0,0.00,10360.00,10332.00,0,0,0,16251.5156755,0,0,0,5446.00,0,0,0,0,0.00,0,0,0.33,10891.00,10283.00,4457.06,0,5158.00,0.00,0.00,0,0.00,0.00,0.00,37744.62,0,0.00,0,0,718865.00,0,15926.75,4509.07,15926.75,0,10437.38,0,0,10334.00,0,0,0,0.00,0,10346.00,36962.75,0,16567.00,0,10437.38,0,9645.85,0,0,0,0.00,0,0,0.00,0,700038.12,0,0,15.00,178.36,0,0,0,0,0.00,0,37744.62,0,0,0.00,0,0,0,0.00,0,0.00,0,0.00,0,0,443449.5,0,10278.00,0,12474.77,0,0,0.00,0,0,29210141.38,0,10891.00,0,10410.00,0,10308.00,0,0,0,0,0.00,0,29209928.81,0,0.00,0,0,0,0.00,7.88,10407.00,0,0.00,686581.00,0.00,700037.5,5160.00,0,0,0.00,0,0,10334.00,5207.62,0,9645.85,0,0,7.88,0,0,0,0,10278.00,178.34,0,0.00,20.50,12474.53,42.00,10407.00,0,0,0,0,0.00,0.00,0,0.00,0,0.00,0.00,20211.26,0,0.00,0,1009526905.38,0,10338.00,0,10346.00,0,0,0.00,10402.00,0,0,0,0.00,680384.00,10437.38,0,0.00,0.00,0.00,0,0,0,0,0.00,0.00,0,0,0.00,0,0,178.36,5162.00,0.00,0.33,0,0.00,0,0,0,0,5152.00,12474.65,0,80097823091.0,700039.88,37153338.0749,37744.62,0,26279.50,0,10312.00,0.00,0,11762.30,0,11584.00,0.00,0,0.00,700037.50,0,0.00,0,0.00,0,0,10344.00,0,0,0,0,0,0,0,0.00,0,0,0,15926.75,41.50,0.00,0.00,0.00,0.00,0,100.00,0.00,0.00,0.00,0.00,0,0,0,0.00,0,0,41.00,20210.25,0,0,0,0,0.00,30571330.35,0.00,30570037.99,0,0,7.88,0,0,0.00,0,0.00,0.00,0,0,0,0.00,10437.38,0.0,0,0,0,730653.75,0,23.55,0.00,0,0,0.0,0,0,0,0.00,0,0,0.00,0,0.00,5168.00,0.00,690280.00,30490480.93,0,0.33,0.00,0,700037.50,10458.00,0.00,0,178.36,2.77200260417,4509.92,0,0,0.00,0,0,0,26282.25,0,0,5203.00,0,3.55,0.00,0,7.88,0,0,0,37744.62,0,0,0,0,79.00,0,680192.00,40048.96375,9528.28,0,0,0,0,0,21.00,0.00,0,9645.85,0.00,100.00,0.00,0.33,0.00,0,9528.28,0.00,0,0,0,0,0.00,0,0,10308.00,0,0,0,0.00,0,10305.00,0,0.00,0,0,1058896096.50,0,0,0.00,730654.12,10437.38,0,0,10490.00,0,0.00,0,4457.06,0,0,30489840.15,10312.00,0,15.00,0,0.00,1056094987.50,0,0,0,42.50,0,0,0,0.00,0,0,0.00,0.00,0,7.88,0,0.00,0,32.00,0,0,0.00,0,0,1056094845.38,0,0,0,0,1093474.00,0.00,0,0,274783325.953,34.00,10402.00,0,0.00,0.00,0,0,0,0,10360.00,1056094845.38,10354.00,10437.50,0,0.00,0,0,11619.00,0,0,1058898577.38,682319.00,0.00,0.00,0.00,0.00,0.00,0.00,0.00,0.00,0.00,0,30490703.13,0.00,0,0,0,0,0,0,0,20211.26,0,0,0,0,0.00,0.00,0,0,0,26282.25,1009526769.62,0,0,0.00,0,0,0.00,0,0,4457.06,34.00,0,0.00,10495.00,0.00,0,0,0,10358.00,0,11619.00,0,0,0,0,0,0.00,0.00,7.88,0.00,683.75,0,0,0,0,0,688900.12,0,8206.00,0,5544931.95542,0,0,0,0,0,0,91.82,0,0.00,0,37.61,0,0.00,126083270851.0,683.75,0,10410.00,0.00,10283.00,0,0,
iperf,iperf_tx-16384-0-1-0,0,0,0,0,0,0,0,0,0,0,0,0,0,0,0,0,0,0,0,0,0,0,0,0,0,0,0,0,0,0,0,0,0,0,0,0,0,0,0,0,0,0,0,0,0,0,0,0,0,0,0,0,0,0,0,0,0,10.50625,0,0,0,0.865403626928,0,0,0,0,0,0,0,0,0,0,0,0,0,0,0,0,0,0,0,0,0,0,0,0,0,0,0,0,0,0,0,0,0,0,0,0,0,0,0,0,0,0,0,0,0,0,0,0,0,0,0,0,0,0,0,0,0,0,0,0,0,0,0,0,0,0,0,0,0,0,0,0,0,0,0,0,0,0,0,0,0,0,0,0,0,0,0,0,0,0,0,0,0,0,0,0,0,0,0,0,0,0,0,0,0,0,0,0,0,397645.062813,0,0,0,0,0,0,0,0,0,0,0,0,0,0,0,0,0,0,0,0,0,0,0,0,0,0,0,0,0,0,0,0,0,0,0,0,0,0,0,0,0,0,0,0,0,0,0,0,0,0,0,0,0,0,0,0,0,0,0,0,0,0,0,0,0,0,0,0,0,0,0,0,0,0,0,0,0,0,0,0,0,0,0,0,692914.5,0,0,0,0,0,0,0,0,0,0,0,0,0,0,0,0,0,0,0,0,0,0,0,0,0,0,0,0,0,0,0,0,0,0,0,0,0,0,0,0,0,0,0,0,0,0,0,0,0,0,0,0,0,0,0,0,0,0,0,0,0,0,0,0,0,0,0,0,0,0,0,0,0,0,0,0,0,0,0,0,0,0,0,0,0,0,0,0,0,0,0,0,0,0,0,0,0,0,0,0,0,0,0,0,0,0,0,0,0,0,0,0,0,0,0,0,0,0,0,80099077235.6,0,0,0,0,0,0,0,0,0,0,0,0,0,0,0,0,0,0,0,0,0,0,0,0,0,0,0,0,0,0,0,0,0,0,0,0,0,0,0,0,0,0,0,0,0,0,0,0,0,0,0,0,0,0,0,0,0,0,0,0,0,0,0,0,0,0,0,0,0,0,0,0,0,0,0,0,0,0,0,0,0,0,0,0,0,0,0,0,0,0,0,0,0,0,0,0,0,0,0,0,0,0,0,0,0,0,0,0,0,1.63859696082,0,0,0,0,0,0,0,0,0,0,0,0,0,0,0,0,0,0,0,0,0,0,0,0,0,0,0,40049.59,0,0,0,0,0,0,0,0,0,0,0,0,0,0,0,0,0,0,0,0,0,0,0,0,0,0,0,0,0,0,0,0,0,0,0,0,0,0,0,0,0,0,0,0,0,0,0,0,0,0,0,0,0,0,0,0,0,0,0,0,0,0,0,0,0,0,0,0,0,0,0,0,0,0,0,0,0,0,0,0,0,0,0,0,0,0,0,0,0,0,4366113409.63,0,0,0,0,0,0,0,0,0,0,0,0,0,0,0,0,0,0,0,0,0,0,0,0,0,0,0,0,0,0,0,0,0,0,0,0,0,0,0,0,0,0,0,0,0,0,0,0,0,0,0,0,0,0,0,0,0,0,0,0,0,0,0,0,0,0,0,0,0,0,0,0,0,0,0,0,0,0,0,0,0,0,0,0,0,0,0,0,0,0,0,0,3279407.10274,0,0,0,0,0,0,0,0,0,0,0,0,0,135159530306.0,0,0,0,0,0,0,0,
